Transaction ID,Account Number,Customer Name,Transaction Date,Transaction Time,Transaction Type,Amount,Balance Before,Balance After,Transaction Mode,Branch Code,City,Country,Is Fraudulent,Employee ID
T000001,GB64ZSJQ66108078837837,Michelle Russo,2025-01-09,16:54:17,Transfer,336.73,6069.31,5732.58,Bank Branch,BR-255,Blackland,Saudi Arabia,Yes,E1908
T000002,GB20VUXF97731068400157,David Jimenez,2025-01-18,09:06:00,Deposit,4396.15,15960.12,20356.27,Online,BR-252,Kevinview,Vanuatu,Yes,
T000003,GB64KCLR07048343643238,Jennifer Fritz,2025-01-15,20:40:09,Deposit,4737.4,3053.82,7791.22,Bank Branch,BR-930,South Michaelville,Moldova,No,
T000004,GB78CCAK96480553682962,Bruce Taylor,2025-01-07,21:14:18,Transfer,473.98,17571.17,17097.19,Online,BR-676,Amytown,Finland,Yes,E1601
T000005,GB38MWVD72310475058924,Joshua Graham,2025-01-02,01:46:23,Withdrawal,2455.65,17313.27,14857.62,ATM,BR-411,North Jennifer,Moldova,No,
T000006,GB96ZUPF75809319429076,Cindy Mann,2025-01-02,23:57:17,Deposit,392.6,5226.24,5618.84,Bank Branch,BR-187,West Jeremiahville,Svalbard & Jan Mayen Islands,Yes,E1670
T000007,GB40YSQW79209207712362,Jennifer Moss,2025-01-21,00:49:44,Deposit,3814.98,16515.15,20330.13,ATM,BR-354,East Christopherstad,Wallis and Futuna,Yes,
T000008,GB84VTRU90860966615896,Megan Morris,2025-01-13,10:31:38,Deposit,3840.88,9745.76,13586.64,ATM,BR-221,Kathleenside,Central African Republic,Yes,
T000009,GB49NXXE55523039706586,Kathryn Reilly,2025-01-13,02:30:44,Transfer,685.54,6798.63,6113.09,Online,BR-671,Charlesshire,Argentina,No,
T000010,GB06WTJI79843412707680,Eddie Watson,2025-01-16,20:20:06,Deposit,2402.65,16111.56,18514.21,Bank Branch,BR-882,Edwardmouth,Ecuador,Yes,
T000011,GB27VROX79588439367323,Robert Francis,2025-01-10,04:45:43,Transfer,2771.53,5324.31,2552.78,Bank Branch,BR-526,South Erica,Eritrea,Yes,
T000012,GB62BCZM88243959065153,Roberto Serrano,2025-01-19,09:25:44,Transfer,1362.03,1449.62,87.59,Bank Branch,BR-720,Shanemouth,Tajikistan,No,E1455
T000013,GB74DSZO59618823721344,Dana Griffith,2025-01-16,15:12:43,Transfer,4368.54,4669.47,300.93,Bank Branch,BR-710,New Michaelburgh,Bolivia,No,
T000014,GB06SDKL83549241347131,Kendra Melton,2025-01-22,08:40:35,Deposit,2144.53,7236.98,9381.51,Online,BR-909,East Adam,Venezuela,No,
T000015,GB46NBCF24377396753282,Ms. Mary Adams,2025-01-03,07:00:37,Transfer,1098.4,17422.71,16324.31,Online,BR-733,Port Sharonland,Barbados,No,
T000016,GB95XSQS60117261183784,James Benton,2025-01-08,09:54:26,Withdrawal,2719.52,19370.89,16651.37,ATM,BR-331,Smithside,Ecuador,No,
T000017,GB61PYQO46016960725535,Marvin Smith,2025-01-01,00:06:14,Deposit,3663.16,6303.37,9966.53,Online,BR-894,Alexandermouth,United States Virgin Islands,No,E1282
T000018,GB71BAHJ96962280304080,Lisa Schroeder,2025-01-06,11:03:08,Deposit,1045.7,13188.15,14233.85,Bank Branch,BR-635,New Angelachester,Dominica,Yes,E1991
T000019,GB20ZYOO90790332392746,Scott Miller,2025-01-18,16:24:16,Deposit,1593.0,8593.89,10186.89,Online,BR-489,Tinabury,Kiribati,No,
T000020,GB48YCJY69661650415056,Sandra Smith,2025-01-09,16:20:12,Deposit,4975.99,19641.84,24617.83,ATM,BR-561,Garrettfort,Malaysia,Yes,E1093
T000021,GB17QNPP52032489495839,Troy King,2025-01-07,20:29:58,Deposit,3266.9,11188.1,14455.0,Bank Branch,BR-553,North Judychester,Turkmenistan,No,E1657
T000022,GB94MQOQ83058211536031,James Torres,2025-01-11,03:38:28,Transfer,2218.6,18845.51,16626.91,Bank Branch,BR-404,Blackfort,Andorra,Yes,
T000023,GB18HKTN16886622624468,Stephanie Stokes,2025-01-11,18:20:46,Transfer,2612.0,3191.49,579.49,ATM,BR-980,Melanieville,Georgia,Yes,E1249
T000024,GB74AOVW32589888503007,Jack Smith,2025-01-21,20:14:33,Deposit,648.97,19437.61,20086.58,ATM,BR-702,Port Edwardton,Gabon,Yes,E1805
T000025,GB95UELE67053024882644,Leah Taylor,2025-01-01,16:37:24,Transfer,1162.25,4392.79,3230.54,Bank Branch,BR-539,Tracyshire,Mauritania,No,E1070
T000026,GB94EHZR48087133967515,Daryl Cuevas,2025-01-22,02:27:43,Deposit,1723.52,19288.15,21011.67,Online,BR-412,South Rebecca,Netherlands Antilles,No,E1600
T000027,GB84CYOU15194722595395,David Johnson,2025-01-06,11:51:21,Transfer,2962.13,6043.86,3081.73,Online,BR-682,West Rebeccaland,Japan,No,E1832
T000028,GB42EKII63651232904533,Michael Fuller,2025-01-15,17:36:37,Transfer,1189.07,3059.65,1870.58,Bank Branch,BR-735,Lake Mollybury,Canada,No,E1336
T000029,GB39NVBZ17391830557978,Jennifer Mills,2025-01-15,17:22:11,Transfer,1140.08,9256.71,8116.63,Bank Branch,BR-161,Johnsonhaven,Greenland,Yes,E1807
T000030,GB30CJAB65564851854942,Paula Reese,2025-01-13,04:23:39,Transfer,401.42,14842.36,14440.94,Bank Branch,BR-724,Rosebury,Liberia,No,E1283
T000031,GB11OSYY31606337827996,Bridget White,2025-01-09,12:36:00,Withdrawal,3173.96,6959.87,3785.91,Online,BR-857,North Christopher,Ukraine,No,
T000032,GB35FGNC88918132691779,Kim Johnson,2025-01-03,08:50:42,Deposit,1183.26,12517.97,13701.23,Online,BR-201,Nathanland,Georgia,No,E1817
T000033,GB53YBSF75156589615217,Jennifer Kramer,2025-01-04,10:54:44,Withdrawal,4531.83,10717.04,6185.21,Bank Branch,BR-881,Washingtonberg,Timor-Leste,Yes,E1112
T000034,GB29IBEG65924010841132,Scott Wilson,2025-01-03,18:42:21,Transfer,4305.2,8318.71,4013.51,ATM,BR-312,Anthonytown,Russian Federation,No,E1134
T000035,GB18SPSI59603332564838,Troy Sanchez,2025-01-19,09:08:22,Withdrawal,400.74,11955.17,11554.43,Bank Branch,BR-740,New Suzanne,Suriname,No,E1366
T000036,GB09JDRS65007561514757,Manuel Christian,2025-01-06,05:17:27,Deposit,1228.12,5839.73,7067.85,Bank Branch,BR-316,Grahamhaven,Guernsey,No,
T000037,GB74NPZB39970938644544,Kurt Johnson,2025-01-19,19:18:35,Deposit,3361.44,14466.92,17828.36,Online,BR-370,Mooretown,Wallis and Futuna,No,E1016
T000038,GB55VSYP82917157215275,Trevor Cardenas,2025-01-20,14:22:24,Transfer,1110.47,1032.13,-78.34,Bank Branch,BR-776,Port Charleston,Romania,No,E1271
T000039,GB27WYWK38943327261854,Barbara Ochoa,2025-01-22,03:03:17,Withdrawal,704.94,18585.93,17880.99,Online,BR-183,Lake Donnahaven,Georgia,No,
T000040,GB94NRCS60849374134949,Whitney Martin,2025-01-07,17:50:51,Withdrawal,4680.8,11230.59,6549.79,ATM,BR-260,Erinmouth,Mauritania,No,E1538
T000041,GB69FWVF05662280373966,Andrew Chavez,2025-01-12,07:42:58,Withdrawal,2876.66,14669.17,11792.51,Bank Branch,BR-345,Port Brendabury,British Indian Ocean Territory (Chagos Archipelago),Yes,E1763
T000042,GB23GMRC49673018182444,Steven Shelton,2025-01-08,02:46:59,Deposit,2389.72,15097.05,17486.77,ATM,BR-277,West Dalton,United States of America,Yes,
T000043,GB63FIWQ02509086801686,Brenda Caldwell,2025-01-20,18:01:41,Deposit,3933.87,13741.94,17675.81,Bank Branch,BR-665,Greeneview,Rwanda,No,
T000044,GB50NUOR30609828890531,Todd Summers,2025-01-09,22:33:07,Withdrawal,4047.11,7920.21,3873.1,ATM,BR-176,West Jessicaland,Uzbekistan,Yes,E1525
T000045,GB59YNMH17202008408909,Angela Davis,2025-01-09,16:18:48,Deposit,992.53,2329.5,3322.03,Online,BR-260,Tarashire,Libyan Arab Jamahiriya,No,E1462
T000046,GB94YZYT73690062425624,Veronica Saunders,2025-01-10,16:03:33,Deposit,529.81,13620.52,14150.33,Bank Branch,BR-102,Elijahland,Macao,Yes,E1968
T000047,GB13CMEA29029565033845,Robin Herring,2025-01-05,18:52:49,Withdrawal,2183.7,7273.8,5090.1,Bank Branch,BR-518,Taylorshire,Iceland,No,
T000048,GB27YWQO54427333637819,Robert Ruiz,2025-01-04,18:56:20,Deposit,2146.71,6964.4,9111.11,ATM,BR-561,East Lisashire,Bahrain,No,E1469
T000049,GB43YOKN34004660309407,Daniel Walsh,2025-01-16,10:44:23,Withdrawal,2361.77,17112.29,14750.52,Online,BR-805,Klineborough,Afghanistan,No,
T000050,GB27ZDAJ60863620845577,Tracy Nguyen,2025-01-15,19:20:28,Withdrawal,3658.93,14675.33,11016.4,ATM,BR-708,Jasonside,Dominica,No,
T000051,GB54MAOY38584486865638,Gregory Rogers,2025-01-15,09:43:22,Transfer,3383.15,6706.12,3322.97,ATM,BR-581,Jenniferburgh,Venezuela,Yes,E1436
T000052,GB64WVKW41259349532880,Felicia Payne,2025-01-21,23:55:25,Withdrawal,4921.62,6876.41,1954.79,Online,BR-398,Lake Joshuaview,Libyan Arab Jamahiriya,No,
T000053,GB56IODU01970570635108,Kristin Henry,2025-01-04,19:45:02,Deposit,537.17,8759.47,9296.64,ATM,BR-133,Bairdberg,Saint Kitts and Nevis,Yes,E1075
T000054,GB98JUVJ91180351805433,Johnny Gonzalez,2025-01-20,18:15:10,Transfer,2042.98,8645.61,6602.63,ATM,BR-337,Port Laurenhaven,Djibouti,Yes,E1329
T000055,GB08TAWE30744372277319,Ryan Thomas,2025-01-19,06:02:58,Withdrawal,1729.55,6617.45,4887.9,Bank Branch,BR-395,West Caitlinborough,Saudi Arabia,No,E1067
T000056,GB07QJDA68416057935520,David Vasquez,2025-01-22,06:37:25,Transfer,4315.28,3418.47,-896.81,ATM,BR-823,Valerieborough,Norway,Yes,
T000057,GB22BZCZ64829783741037,Noah Jackson,2025-01-07,08:10:31,Deposit,1280.85,8988.48,10269.33,Bank Branch,BR-389,Strongside,Cyprus,No,
T000058,GB18XSXE46311296858898,Kimberly Mendez,2025-01-17,13:41:04,Withdrawal,991.53,18866.91,17875.38,Online,BR-819,New Reginaldshire,Guatemala,Yes,
T000059,GB45YCEO55803756363758,Dr. Ronald Sanders MD,2025-01-20,11:13:34,Deposit,2270.64,13869.04,16139.68,ATM,BR-980,West Jenniferstad,Kiribati,No,E1101
T000060,GB07SRZT82506062701901,Donna Sharp,2025-01-05,19:26:03,Transfer,2138.31,18153.31,16015.0,Online,BR-564,West Teresa,Australia,Yes,E1873
T000061,GB60EULD86146213319501,Brianna Bryant DDS,2025-01-15,02:41:50,Withdrawal,1428.8,12694.78,11265.98,Bank Branch,BR-172,Carrilloburgh,El Salvador,Yes,
T000062,GB44VFPF17115944022608,Lisa Jones,2025-01-06,01:32:16,Transfer,1286.54,6718.05,5431.51,Bank Branch,BR-803,Lyonschester,Colombia,No,E1909
T000063,GB62KCRG80650024795693,Laurie Horne,2025-01-17,10:00:32,Transfer,4620.16,11410.81,6790.65,Bank Branch,BR-339,Glennfort,Cambodia,Yes,
T000064,GB40VYQX75266434925190,Andrew Gonzalez,2025-01-03,05:53:45,Withdrawal,2243.5,1007.71,-1235.79,ATM,BR-370,Jeffreychester,Suriname,Yes,
T000065,GB84DSVL12519841799357,Mary Richardson,2025-01-16,17:00:00,Transfer,4313.68,6451.36,2137.68,Bank Branch,BR-906,Sheltonfurt,Rwanda,No,
T000066,GB33LKOD97329914544644,Lauren Kennedy,2025-01-21,03:23:56,Deposit,2774.11,9167.87,11941.98,Bank Branch,BR-910,Brittanyfurt,Azerbaijan,No,E1747
T000067,GB58OHMT74064173964401,Austin Valencia,2025-01-14,09:37:17,Transfer,300.41,12019.71,11719.3,ATM,BR-740,South Codyland,Faroe Islands,No,
T000068,GB03TFHK73154833711003,Megan Peters,2025-01-09,11:18:29,Deposit,4996.45,13439.41,18435.86,ATM,BR-703,New Erin,Botswana,No,
T000069,GB77ASIY58167171846104,Kenneth Harvey,2025-01-22,11:22:22,Deposit,4188.34,9834.78,14023.12,ATM,BR-777,Butlerville,Hungary,Yes,E1383
T000070,GB24DDBA35634768876748,Aaron Young,2025-01-19,17:59:58,Transfer,4846.53,9401.04,4554.51,Bank Branch,BR-923,Patriciaberg,New Zealand,No,
T000071,GB50LTNH60702498339505,Lisa Henson,2025-01-06,03:28:35,Deposit,4635.52,5060.33,9695.85,Bank Branch,BR-302,Nguyenhaven,India,No,E1068
T000072,GB89PVYE41120911981777,Heidi Crawford,2025-01-01,00:01:04,Withdrawal,4251.04,9990.54,5739.5,ATM,BR-535,Barreraview,French Polynesia,No,E1851
T000073,GB91YMHD77150491523196,Meredith Guerrero,2025-01-20,01:41:25,Deposit,873.24,18122.44,18995.68,ATM,BR-217,West Danielle,Panama,No,
T000074,GB47EKAW69337535261536,Ashley Parker,2025-01-17,16:39:29,Deposit,2453.92,16124.47,18578.39,Online,BR-657,New Tyler,Chad,Yes,
T000075,GB08NKMV02566002542833,Jillian Miller,2025-01-23,07:57:58,Deposit,1108.05,4224.14,5332.19,Online,BR-330,Langmouth,Panama,Yes,E1831
T000076,GB15RBEP53929131656993,Stephanie Hurst,2025-01-02,08:58:24,Withdrawal,2035.15,2611.12,575.97,ATM,BR-763,Riveraville,Dominican Republic,Yes,E1569
T000077,GB42OSOY99872041190002,James Aguilar,2025-01-13,11:37:50,Withdrawal,340.25,10793.59,10453.34,ATM,BR-252,Port Michael,Denmark,No,
T000078,GB85ZQUX25934066432186,Bradley Smith,2025-01-09,14:13:19,Withdrawal,1925.92,13025.88,11099.96,Online,BR-372,New Steven,Timor-Leste,Yes,E1686
T000079,GB46CZNA51579497882207,Matthew Blackwell,2025-01-08,12:50:43,Transfer,4927.28,7368.58,2441.3,ATM,BR-946,South Levi,Guinea-Bissau,Yes,
T000080,GB61RPGI91098154489324,Melissa Humphrey,2025-01-11,11:23:19,Withdrawal,1362.76,16550.05,15187.29,Bank Branch,BR-245,North Carolyn,Samoa,No,
T000081,GB69JLXN71106817184217,Brenda Moore,2025-01-03,00:43:37,Deposit,3931.15,15271.62,19202.77,Bank Branch,BR-173,South Jeremyberg,American Samoa,Yes,E1888
T000082,GB77PSAW37569271887135,Christine Richardson,2025-01-10,06:19:22,Withdrawal,2302.29,13783.12,11480.83,Bank Branch,BR-161,Lisachester,Poland,Yes,
T000083,GB39OEER26422116864841,Taylor Bonilla,2025-01-21,17:31:42,Withdrawal,2143.89,5268.17,3124.28,ATM,BR-269,Danielport,Pitcairn Islands,No,
T000084,GB05BSSW96519068070784,Danielle Trujillo,2025-01-12,18:46:06,Deposit,4788.72,4783.47,9572.19,ATM,BR-911,East Maria,Jersey,Yes,E1360
T000085,GB55SUDC94655837492435,Timothy Brown,2025-01-14,13:55:53,Transfer,4977.34,1464.08,-3513.26,Online,BR-414,Courtneyside,Timor-Leste,No,E1591
T000086,GB51BKJQ17357326348061,Shannon Smith,2025-01-07,15:40:52,Withdrawal,2801.05,5652.01,2850.96,ATM,BR-709,North Deborah,Andorra,Yes,
T000087,GB57PBCY26888163074843,Jonathan Wheeler,2025-01-07,02:55:19,Transfer,3606.12,10027.59,6421.47,ATM,BR-866,Sanchezchester,Martinique,Yes,E1229
T000088,GB66FHQL75881733355759,Luis Weber,2025-01-07,06:16:22,Transfer,816.24,17145.02,16328.78,Online,BR-944,Alyssafort,Belgium,No,
T000089,GB83DGDF29772199961855,Stacy Lee,2025-01-07,09:44:38,Transfer,1518.7,2383.74,865.04,ATM,BR-682,West Melissa,Cocos (Keeling) Islands,Yes,
T000090,GB58HXFE43296409339840,Amanda Stevens,2025-01-14,01:08:35,Deposit,4845.11,8874.38,13719.49,Online,BR-395,Petersonside,Fiji,No,E1587
T000091,GB08SEJP83482202659714,Michael Gentry,2025-01-13,23:19:11,Transfer,2916.94,12965.54,10048.6,ATM,BR-549,Brandonmouth,Belize,No,
T000092,GB19HGDT41848513528943,James Murphy,2025-01-21,17:20:48,Transfer,2733.87,4694.27,1960.4,ATM,BR-227,Port Emily,Suriname,No,E1865
T000093,GB07CGHH71225686833401,Juan Mccullough,2025-01-23,00:46:18,Deposit,3752.48,14230.73,17983.21,ATM,BR-579,Heatherland,Uganda,No,
T000094,GB81SMKQ64087827881670,Scott Sanchez,2025-01-18,14:40:29,Transfer,332.97,10393.17,10060.2,ATM,BR-805,Reneeville,Aruba,Yes,E1029
T000095,GB91LTKK42221988028926,Amy Bentley,2025-01-05,23:28:05,Transfer,2941.68,5635.7,2694.02,Bank Branch,BR-411,New Angela,Syrian Arab Republic,Yes,
T000096,GB45VMTX83545521027846,Bryan Taylor,2025-01-02,05:47:28,Deposit,2539.11,13465.1,16004.21,Bank Branch,BR-816,East Christine,Bahamas,No,
T000097,GB87RHQR98560567966341,Beverly Graham DVM,2025-01-16,10:11:18,Deposit,4270.96,1105.35,5376.31,ATM,BR-512,Wareview,Vietnam,Yes,E1359
T000098,GB10RGKI54167419341330,Miguel Dean,2025-01-06,08:35:09,Withdrawal,829.29,15268.33,14439.04,Bank Branch,BR-378,Tinaton,Montserrat,Yes,E1185
T000099,GB54JJMQ55162345677754,Angela Rodriguez,2025-01-11,16:39:22,Withdrawal,4805.86,15630.88,10825.02,Online,BR-612,Hallburgh,Chile,Yes,
T000100,GB67GPPM86430848862799,Nicole Robinson,2025-01-02,09:54:33,Withdrawal,446.55,3025.16,2578.61,Bank Branch,BR-652,Lake Andrewville,Botswana,Yes,E1071
T000101,GB97DLSS62155543694196,Jeffrey Edwards,2025-01-18,04:02:28,Transfer,969.83,9077.78,8107.95,Online,BR-605,Kelseymouth,Algeria,No,E1758
T000102,GB73RQME88037103221151,Dr. Sharon Garcia,2025-01-08,21:00:53,Transfer,2995.42,4341.85,1346.43,Online,BR-548,Lake Andrew,Belize,Yes,E1093
T000103,GB61VTQU96753564295817,Mary Allen,2025-01-12,20:26:29,Transfer,3392.3,19201.35,15809.05,Online,BR-182,New Marystad,Luxembourg,No,
T000104,GB22TDZB23866027273657,Kim Edwards,2025-01-01,23:54:17,Deposit,1214.26,10841.2,12055.46,Bank Branch,BR-712,North Jessica,Tajikistan,Yes,
T000105,GB87DOQV11660182701811,Lisa Walsh DDS,2025-01-06,16:41:15,Transfer,643.44,1954.15,1310.71,ATM,BR-140,North Maria,Northern Mariana Islands,Yes,
T000106,GB90PYJF31634639578432,Rachel Riddle,2025-01-14,19:47:24,Withdrawal,4456.92,5734.77,1277.85,ATM,BR-542,Sarahland,Congo,No,
T000107,GB25VEUP89352856045606,Tyler Williamson,2025-01-01,18:58:08,Deposit,1268.77,17118.39,18387.16,Bank Branch,BR-852,New Ashleeside,Mongolia,No,E1795
T000108,GB39LXHU32241143085165,Randall Garcia,2025-01-22,02:58:57,Deposit,2992.87,9672.77,12665.64,Online,BR-430,Destinymouth,United States of America,No,E1904
T000109,GB27QDNY19398236747634,Todd Becker,2025-01-20,17:42:16,Deposit,3115.94,16226.92,19342.86,Bank Branch,BR-718,Frederickstad,Syrian Arab Republic,No,E1159
T000110,GB15KKFE94166898327503,Kenneth Herring,2025-01-05,05:45:55,Withdrawal,2125.16,13683.98,11558.82,ATM,BR-356,East Davidtown,Georgia,Yes,E1772
T000111,GB13DLMO31379780951838,Walter Savage,2025-01-04,11:28:54,Withdrawal,2939.18,19769.96,16830.78,Bank Branch,BR-126,Port Josephfort,Ecuador,No,E1690
T000112,GB70WRJL30406045886151,Tammy Knox,2025-01-21,22:50:45,Withdrawal,2637.77,12313.59,9675.82,Bank Branch,BR-193,Marissaview,Qatar,No,
T000113,GB21FBLA92493770269720,Sarah Wolfe,2025-01-15,23:54:24,Deposit,4676.8,19050.75,23727.55,ATM,BR-334,Triciafurt,United States of America,Yes,
T000114,GB30QHRB19650366451519,Nicholas Reyes,2025-01-12,15:28:56,Deposit,1061.08,17937.09,18998.17,ATM,BR-790,Downsmouth,France,Yes,
T000115,GB78NAWJ20327708263893,Stephanie Mathis,2025-01-11,22:48:28,Transfer,3595.15,12640.39,9045.24,Online,BR-956,Rebekahmouth,Malta,No,
T000116,GB69DUFP42903073891381,Meagan Fleming,2025-01-09,11:58:29,Transfer,1231.5,14666.21,13434.71,Online,BR-981,South Kimberly,Liberia,No,E1220
T000117,GB46GIQC36364579774910,Amanda Curtis,2025-01-03,02:13:37,Withdrawal,2009.14,10590.79,8581.65,ATM,BR-689,New Michelleland,Myanmar,No,
T000118,GB83RPTI78543669839201,Richard Hernandez,2025-01-04,17:26:31,Deposit,3374.87,16780.81,20155.68,Online,BR-701,Kristenhaven,El Salvador,No,
T000119,GB12GWKN65102836880314,Anita Wong,2025-01-07,06:06:20,Transfer,1534.99,11409.57,9874.58,ATM,BR-121,West Julia,Pitcairn Islands,No,
T000120,GB91ZQRI04458524088533,Rebecca Davis,2025-01-05,16:25:33,Withdrawal,1615.08,18046.95,16431.87,Bank Branch,BR-883,South Crystalmouth,Serbia,No,
T000121,GB24HSLI13197751680780,Robert Watson,2025-01-09,01:25:29,Withdrawal,3771.73,15129.45,11357.72,Online,BR-788,Mooretown,Mali,No,E1046
T000122,GB34QSYL70034920236921,Ryan Jones,2025-01-16,00:37:40,Transfer,409.09,10018.81,9609.72,ATM,BR-941,Gregoryshire,Bangladesh,Yes,E1404
T000123,GB10INPX97672999055795,Laura Robinson,2025-01-18,10:50:35,Withdrawal,2318.51,5924.64,3606.13,Bank Branch,BR-375,Jonesville,Syrian Arab Republic,No,E1007
T000124,GB37DQWY56609520547927,Rebecca Dean,2025-01-20,16:57:59,Deposit,4992.35,5697.56,10689.91,Bank Branch,BR-690,Thomastown,Israel,No,E1308
T000125,GB59LYBJ60804306722462,Michael Jackson,2025-01-03,14:18:56,Withdrawal,4980.68,13115.57,8134.89,ATM,BR-141,Port Jessicahaven,Switzerland,Yes,E1785
T000126,GB73HJLK37548948534779,Rhonda Phillips,2025-01-16,20:28:14,Deposit,412.64,15550.46,15963.1,ATM,BR-881,West Meredith,United States Minor Outlying Islands,Yes,
T000127,GB95AGGA68120337887540,Cynthia Henry,2025-01-07,21:03:41,Deposit,1105.11,10904.7,12009.81,Bank Branch,BR-874,Lake Mark,Saint Lucia,No,
T000128,GB38GUDV89070425307273,Stephanie Burns,2025-01-04,19:49:54,Transfer,1362.74,12908.22,11545.48,Bank Branch,BR-279,Paynetown,Gabon,No,E1122
T000129,GB43QDSE12243998123400,Lisa Williams,2025-01-18,10:00:06,Transfer,4669.63,6217.35,1547.72,ATM,BR-581,North Garrett,Dominican Republic,No,
T000130,GB49HLVM22808664362195,James Brooks III,2025-01-05,08:00:21,Transfer,4410.28,2472.18,-1938.1,ATM,BR-631,South Julieland,Guernsey,No,E1179
T000131,GB18JGKN40813630088243,Kevin Jones,2025-01-13,09:26:31,Withdrawal,4402.39,6428.83,2026.44,Bank Branch,BR-767,Lake Stephenfurt,Seychelles,Yes,E1389
T000132,GB07AMJZ95990288443088,Eduardo Doyle,2025-01-08,19:33:19,Transfer,1879.16,6162.59,4283.43,Bank Branch,BR-552,Rhondaport,Italy,No,
T000133,GB03YJBT06109039506120,Karen Bailey,2025-01-09,08:57:42,Transfer,830.85,7074.48,6243.63,ATM,BR-384,Kathrynborough,Peru,No,
T000134,GB33TSFS12541413879697,Carla Dyer,2025-01-12,05:30:25,Withdrawal,4177.04,11262.89,7085.85,ATM,BR-285,Davidchester,Greenland,Yes,E1882
T000135,GB16PKWV93525822418754,Lauren Davidson,2025-01-13,04:47:02,Transfer,3532.52,3629.11,96.59,Bank Branch,BR-699,Jamesville,Papua New Guinea,Yes,E1446
T000136,GB65EEZZ14281202977126,Mr. Anthony Cunningham,2025-01-08,09:18:23,Withdrawal,3077.8,5393.97,2316.17,ATM,BR-546,South Thomasview,French Guiana,No,E1470
T000137,GB86VMWL69280001663669,Donald Anderson,2025-01-06,08:01:55,Withdrawal,4936.8,14185.05,9248.25,ATM,BR-750,East Stephen,Bahamas,No,
T000138,GB59TEOS08999529180570,Jaime Taylor,2025-01-16,08:27:58,Deposit,3287.18,14421.96,17709.14,ATM,BR-933,North Maryport,Albania,Yes,
T000139,GB14SPJP98754039260471,Anthony Orr,2025-01-17,23:23:27,Deposit,88.72,2220.35,2309.07,ATM,BR-603,Stewartside,Cuba,No,
T000140,GB27LHCR18991116625318,Lisa Dillon,2025-01-06,22:47:35,Transfer,4094.67,8744.39,4649.72,Online,BR-193,Jacksonhaven,Burundi,Yes,
T000141,GB81LHHO06092314707439,David Hunter,2025-01-11,08:06:38,Withdrawal,1531.92,11309.61,9777.69,Online,BR-581,West Edgar,Korea,Yes,E1296
T000142,GB63BARH42222962287645,David Cooper,2025-01-05,20:03:21,Deposit,3333.77,8899.71,12233.48,Bank Branch,BR-456,East Jeremiah,Dominica,No,E1414
T000143,GB68GBDC18370668702553,Melissa Harrison,2025-01-23,20:05:42,Deposit,4697.7,4929.85,9627.55,Online,BR-518,Davidtown,Jamaica,Yes,
T000144,GB89GYDN62989857111894,Ms. Kathleen White,2025-01-11,19:27:55,Deposit,714.74,8982.73,9697.47,ATM,BR-441,Stephentown,Singapore,Yes,
T000145,GB89IMWE31903330113649,Jesse Thomas,2025-01-23,03:29:03,Deposit,621.37,18191.93,18813.3,Online,BR-428,Port Mollymouth,Brazil,Yes,
T000146,GB19BJDH19523385379195,Kelly Gray,2025-01-05,18:33:46,Transfer,579.83,12097.51,11517.68,Bank Branch,BR-786,Markview,Paraguay,No,
T000147,GB17ZMRV93057188854882,Karen Bell,2025-01-23,08:24:56,Deposit,2788.46,14214.94,17003.4,Bank Branch,BR-207,Kevinborough,Greece,No,E1864
T000148,GB61JIPR53664787377073,Tyler Cherry,2025-01-19,23:31:05,Transfer,1398.12,17277.91,15879.79,Bank Branch,BR-978,East Kevinchester,Nigeria,Yes,
T000149,GB10DQZI18134794634611,Jennifer Campos,2025-01-20,02:11:18,Withdrawal,3043.91,15546.3,12502.39,Online,BR-264,Dennisbury,Malawi,No,
T000150,GB70FVGU25570949615772,Stacy Vincent,2025-01-10,17:50:18,Transfer,3602.18,8227.24,4625.06,Online,BR-437,Jennifermouth,Congo,Yes,E1536
T000151,GB16RSUE18119081581030,Richard Frank,2025-01-22,16:47:15,Deposit,1057.81,1112.03,2169.84,Online,BR-521,Michaelland,Costa Rica,Yes,
T000152,GB46RIWM67573073268670,Kathleen Dean,2025-01-03,15:39:33,Withdrawal,3189.48,7683.42,4493.94,Bank Branch,BR-810,Marilynshire,Chile,No,
T000153,GB86KKSM04821702246072,Lori Mcdonald,2025-01-02,06:49:00,Withdrawal,1356.72,15316.03,13959.31,ATM,BR-607,Jasmineside,Comoros,No,
T000154,GB68KWYQ83305885876525,Mindy Farmer,2025-01-14,09:56:39,Transfer,2468.23,17215.51,14747.28,ATM,BR-395,North Brandyberg,Monaco,No,E1797
T000155,GB29QTOQ60817253818730,Charles Johnson,2025-01-03,08:03:39,Withdrawal,4531.42,19115.18,14583.76,Bank Branch,BR-778,Wesleyhaven,Cyprus,Yes,E1078
T000156,GB93AOWF81460237740394,Diane Diaz,2025-01-04,02:34:32,Transfer,4238.21,8961.4,4723.19,Bank Branch,BR-510,Ariasstad,Greenland,Yes,E1543
T000157,GB19ANOE29548923715884,Jessica Lane,2025-01-09,06:39:07,Withdrawal,506.88,15202.8,14695.92,Bank Branch,BR-933,Lake Anthonyville,Moldova,Yes,
T000158,GB57MUGT85532019625265,Corey Becker,2025-01-12,02:00:53,Transfer,2146.7,11376.51,9229.81,Bank Branch,BR-878,South Josephland,Pitcairn Islands,No,E1359
T000159,GB20UBHV13913378854300,Jessica Fisher,2025-01-08,14:18:25,Deposit,1419.57,12461.8,13881.37,ATM,BR-663,Donaldsonmouth,Bulgaria,No,E1241
T000160,GB93CHYK23422004741168,Nicholas Reyes,2025-01-18,01:15:55,Transfer,67.55,5190.24,5122.69,Online,BR-137,Sarahmouth,Reunion,Yes,
T000161,GB63QSKR89849731900637,Andrea Miller,2025-01-19,02:12:05,Transfer,3867.04,5169.01,1301.97,Online,BR-565,Lake Jasmin,Congo,No,E1202
T000162,GB85XMZE32831383830140,Douglas Wilson,2025-01-12,18:04:26,Deposit,3203.71,9280.88,12484.59,ATM,BR-190,Rogerfort,French Guiana,No,E1616
T000163,GB83NIFO95667097687793,Scott Long,2025-01-04,21:44:01,Transfer,1346.68,1551.47,204.79,Online,BR-422,Yolandaland,Mali,No,E1778
T000164,GB03VOTX92528322096975,Brent Brown,2025-01-16,23:13:22,Transfer,3719.09,7386.46,3667.37,ATM,BR-358,East Kellyport,United States Minor Outlying Islands,No,
T000165,GB33RXJK90669491262384,John Martin,2025-01-01,16:13:49,Withdrawal,2780.82,13903.7,11122.88,Online,BR-431,Montesborough,Brazil,Yes,
T000166,GB22IUEQ69592116082515,Anthony Jennings,2025-01-02,03:01:21,Transfer,2167.05,8682.02,6514.97,ATM,BR-218,West Bryan,Ukraine,No,
T000167,GB72BLHQ41806962436979,Christopher Mitchell,2025-01-09,15:19:56,Withdrawal,97.87,4135.85,4037.98,Online,BR-891,West Thomas,Taiwan,Yes,
T000168,GB23RQBY85325359922531,Michaela Fields,2025-01-07,18:27:40,Deposit,422.46,9880.41,10302.87,Bank Branch,BR-513,East Sandraborough,Egypt,Yes,
T000169,GB96TBNC19619593931542,Dustin Ballard,2025-01-09,01:21:51,Withdrawal,4421.38,3424.93,-996.45,Bank Branch,BR-985,Lake Erictown,Ukraine,Yes,
T000170,GB48VQRY41788130291765,Shelby Robinson,2025-01-23,23:36:23,Withdrawal,4524.45,12822.88,8298.43,Online,BR-626,New Catherine,Haiti,No,
T000171,GB74NIMW87858666622766,Melanie Rose,2025-01-16,13:32:08,Deposit,2750.67,1512.36,4263.03,ATM,BR-944,Jasonfort,Puerto Rico,No,
T000172,GB71MBDE40298250837100,Marcia Garza,2025-01-19,01:24:29,Withdrawal,4181.25,8486.38,4305.13,Online,BR-101,North Samuel,Sao Tome and Principe,Yes,E1605
T000173,GB33CJAY04770784038179,Jessica Rivera,2025-01-14,20:20:54,Deposit,2933.42,11723.45,14656.87,Online,BR-773,Brownview,Antigua and Barbuda,No,E1360
T000174,GB79OYZE77596228828219,Angela Houston,2025-01-14,03:12:47,Transfer,783.06,1514.94,731.88,Bank Branch,BR-990,East Lisa,Congo,Yes,
T000175,GB06OQDE43585134150140,Rebecca Jackson,2025-01-06,15:25:36,Transfer,680.86,13212.24,12531.38,ATM,BR-655,East Andrewview,Grenada,No,E1462
T000176,GB23COYS44607572847812,Lori Moore,2025-01-19,23:34:10,Withdrawal,1575.88,3578.29,2002.41,Bank Branch,BR-573,Port John,Macedonia,Yes,
T000177,GB72FFSQ79757567918390,Manuel Howell,2025-01-08,17:48:05,Transfer,4499.96,9772.27,5272.31,Online,BR-523,East Luisshire,Panama,No,
T000178,GB96CMNR06283373823117,Diana Hamilton,2025-01-21,13:44:12,Deposit,3990.81,1955.41,5946.22,Bank Branch,BR-155,Lake Nathan,Cyprus,No,E1078
T000179,GB94MKTD57951079104628,Christopher Roberson,2025-01-08,09:33:13,Transfer,4310.48,8202.97,3892.49,ATM,BR-292,Owenton,Cook Islands,No,
T000180,GB61ILSX49199490607499,Jeff Johnson,2025-01-14,08:37:20,Deposit,4499.68,5021.55,9521.23,Online,BR-630,Christianview,Kiribati,No,E1473
T000181,GB20OHSS41538443319494,Elizabeth Terry,2025-01-21,21:57:20,Transfer,1089.88,7210.07,6120.19,Online,BR-470,Johnsonport,Antarctica (the territory South of 60 deg S),No,E1460
T000182,GB26WGLB92754462184204,Jay Simpson,2025-01-01,17:22:07,Withdrawal,1285.17,15463.36,14178.19,Bank Branch,BR-737,South Heathermouth,Namibia,Yes,
T000183,GB09UCNJ00352418555060,Cynthia Davis,2025-01-15,08:48:01,Transfer,558.83,8203.4,7644.57,ATM,BR-874,Morganview,Sao Tome and Principe,Yes,E1513
T000184,GB33SQWB03534518814792,Michael Holloway,2025-01-17,19:06:56,Transfer,3911.58,15288.19,11376.61,ATM,BR-610,East Natashaview,Malawi,No,E1980
T000185,GB11UNJB47143484463310,Jessica Vazquez,2025-01-20,17:05:31,Transfer,4426.47,16806.56,12380.09,ATM,BR-740,Warrenville,Ecuador,Yes,E1461
T000186,GB06KXFL29842630734716,Jennifer Hart,2025-01-17,21:56:39,Deposit,2061.57,5793.16,7854.73,ATM,BR-552,Alexmouth,Cocos (Keeling) Islands,No,
T000187,GB91GYFW95548162839147,Stephanie Gonzales,2025-01-01,14:01:18,Deposit,3122.27,2556.22,5678.49,ATM,BR-878,North Steve,Turks and Caicos Islands,Yes,E1731
T000188,GB62PNUF72935031530403,Monica Reyes,2025-01-08,07:30:29,Withdrawal,815.04,1368.28,553.24,Online,BR-152,Aliciaport,Seychelles,Yes,E1516
T000189,GB76LSAA97134301668440,Roberta Smith,2025-01-19,09:11:56,Deposit,4652.91,11248.96,15901.87,Online,BR-308,Port Mark,Honduras,No,E1040
T000190,GB52SFOH61588435988294,Jessica Chan,2025-01-20,07:06:44,Transfer,4329.8,19998.25,15668.45,ATM,BR-373,Lake Markport,Marshall Islands,No,
T000191,GB43EGCH38855528242494,Monica Carr,2025-01-16,13:24:34,Transfer,4882.22,7649.25,2767.03,ATM,BR-662,Vincentborough,South Africa,No,E1449
T000192,GB60SCSI33989432278242,Veronica Park,2025-01-12,03:12:23,Deposit,4063.32,13352.74,17416.06,Online,BR-234,Blankenshipburgh,Kuwait,Yes,
T000193,GB51EYCU03672562586128,Collin Mcmillan,2025-01-02,10:25:46,Transfer,4413.01,15843.43,11430.42,Online,BR-394,Christophertown,Uzbekistan,Yes,
T000194,GB40QBPM42942791096345,Jessica Ellis,2025-01-18,22:50:52,Withdrawal,172.69,13383.34,13210.65,ATM,BR-548,Wardtown,Cyprus,Yes,
T000195,GB10FRCE76949882840096,John Palmer,2025-01-06,09:24:55,Withdrawal,3695.99,15330.43,11634.44,ATM,BR-815,Ryanside,Namibia,Yes,
T000196,GB91WXLE93783728253751,Shawn Marquez,2025-01-14,23:18:03,Deposit,1694.32,19042.62,20736.94,Online,BR-596,Lake Angelaburgh,Faroe Islands,No,E1695
T000197,GB48SUIU08169586811256,Rhonda Matthews,2025-01-22,12:53:33,Deposit,4657.54,4787.85,9445.39,Bank Branch,BR-224,Stephenshire,Saint Martin,No,
T000198,GB59ZAGV35810492185833,Benjamin Miller,2025-01-02,02:45:13,Withdrawal,4021.06,1387.22,-2633.84,Bank Branch,BR-129,Lake Bryantown,United Arab Emirates,Yes,
T000199,GB38ZUDI24221053517077,Regina Harrison,2025-01-05,14:33:51,Withdrawal,4327.12,3895.26,-431.86,Bank Branch,BR-745,South Martin,Jamaica,Yes,
T000200,GB21PNQY53678215332469,Kayla Thomas,2025-01-23,14:15:43,Deposit,4063.21,3398.2,7461.41,Online,BR-723,Kimberlychester,Cayman Islands,Yes,
