given_name,family_name,email_address,contact_number,full_address,city_name,region,postal_code,nation,dob,cc_number,cc_expiry,cc_provider,bank_iban,currency_code,transaction_amount,item_name,product_code,product_color,product_material,organization,position,social_security_number,vehicle_plate,web_address,timestamp,text_paragraph,lat,lon,time_zone,interest_category,account_status,device,os,browser_type,browser_version,age,employers,titles,years_at_employer,avg_salary,alma_mater,degree_type,grad_year,grade_point_average,healthcare_provider,health_conditions,workout_per_week,sleep_hours_per_night,vehicle_kind,vehicle_reg_date,shopping_preference,avg_spending,purchase_frequency
,Adams,leechaney@example.org,209.240.3995x21358,"16519 Morris Inlet
North Ryan, VA 20352",Rivasburgh,Illinois,57788.0,Angola,1978-03-30,2326230361560184.0,04/34,Diners Club / Carte Blanche,GB83TQMA57340452122158,XDR,7183.94,parent,6602666537421.0,LightSteelBlue,hair,Henderson Ltd,"Development worker, international aid",,430-FYB,http://clayton-davenport.biz/,2022-02-17 09:24:21,Statement consumer yourself world ready. Local during reality difference foot this hospital guy.,-52.501522,93.796346,Europe/Warsaw,Movies,Inactive,Mobile,Android,Chrome,3.2.0,80.0,"['Shaffer-Brady', 'Smith, Stephenson and Joseph']","['Civil Service administrator', 'Surveyor, commercial/residential']","[7, 8, 4]",51647.53,Knight-Jones,Master,2009.0,3.78,,Hypertension,3 times per week,9.0,Sedan,2016-07-16,Target,401.79,Monthly
,Shepherd,,8839326789,"9487 Jean Walk
New Jennifer, AR 46297",East Debraville,Arkansas,46389.0,Finland,2014-02-13,4.001785862481592e+18,09/31,VISA 16 digit,GB42STIW05087772215914,GMD,9075.92,half,7404676140924.0,MediumSeaGreen,seem,"Walker, Murphy and Bradford",,,,,1982-07-16 06:57:35,Site factor above collection charge. Collection really per member address reach free perhaps. Nor surface American letter return ever last.,-53.144168,,Pacific/Port_Moresby,Books,,Tablet,Windows,Safari,,114.0,"['Andersen, Bray and Beck', 'Gaines Inc', 'Smith-Vargas']","['Public house manager', 'Legal executive', 'Banker', 'Designer, industrial/product', 'Psychotherapist']","[2, 8, 8, 3, 2]",91140.67,Lopez Inc,Master,2008.0,3.42,,,,7.0,SUV,2004-08-03,Target,386.36,Occasionally
,Warner,brandongutierrez@example.org,,"239 Mariah Ports
Robertsview, IL 53341",Port Danaton,North Dakota,9697.0,Turkey,1910-06-20,4228215052591155.0,08/28,,GB12OKVP78811576687868,BOB,6410.97,what,3268521220698.0,,red,Warren PLC,Immigration officer,361-86-7815,SK9 X7V,https://www.johnson.com/,2023-12-06 16:03:09,Economic baby book. Short during agency meet window now. Wall conference especially.,39.6921645,44.996679,Europe/Andorra,Food,Inactive,Tablet,Windows,Chrome,12.1.0,4.0,"['Pena, Newton and Eaton', 'Lang, Mckenzie and Swanson', 'Juarez Group', 'Barrett, Hebert and Whitaker', 'Roberts, Johns and Webb']","['Aid worker', 'Programme researcher, broadcasting/film/video', 'Youth worker', 'Tourism officer']",[2],40446.4,"Thompson, Alexander and Lane",PhD,2022.0,,Bradley-Grimes,Hypertension,7 times per week,10.0,Truck,,Walmart,481.27,
,Moore,carolynmann@example.com,(836)262-3838x2731,"4813 Jennifer Path Apt. 019
Port Saraton, NE 55538",,,94824.0,Sweden,1947-08-15,4896978555385745.0,07/33,JCB 16 digit,GB31HYDB48406318414938,,8192.99,fire,,,management,"Wright, Schmitt and Mcmillan",Medical sales representative,,912T3,http://jenkins.com/,2019-02-02 15:02:19,Rock share court far heavy. Happy kitchen argue partner environment its. Race something name determine one water seem. Unit tonight unit.,-9.1573915,-25.062254,Pacific/Efate,,Trial,Mobile,Linux,Chrome,89.8.9,,"['Donovan Group', 'Cruz LLC']",['Actor'],"[2, 3, 8, 5]",121409.03,"Price, Mcdonald and Shields",,2017.0,2.55,Stewart-Miller,,5 times per week,5.0,SUV,2016-12-20,Walmart,233.88,Monthly
,Johnston,mccarthykatherine@example.com,390-975-4743,"USS Hancock
FPO AA 71169",North Michael,Hawaii,81347.0,Cambodia,1928-05-01,,05/33,Maestro,GB14HUPQ08172478774814,,,past,8427858178781.0,LightCyan,executive,"Reid, Smith and Baker",Geochemist,491-92-4601,00RZ2,http://martinez.com/,,Buy discover subject begin. Nearly between minute forget quality position. Former no force long car.,6.331351,-103.212436,Africa/Monrovia,Food,Trial,Mobile,iOS,Edge,45.2.1,73.0,"['Porter PLC', 'Mcmahon, Robertson and Harrison', 'Anderson, Rosario and Rice']","['Scientist, forensic', 'Art therapist', 'Maintenance engineer']","[2, 9]",113976.88,,Bachelor,2015.0,2.79,Vasquez PLC,Asthma,3 times per week,10.0,Sedan,2023-02-06,Walmart,188.27,Occasionally
,Ramos,joshua45@example.org,+1-352-746-5642,"486 Carrie Locks Apt. 036
Luisport, IL 55684",Johnfurt,West Virginia,55036.0,French Guiana,1957-12-16,180074493479171.0,06/27,VISA 16 digit,GB55UETQ46256659520899,,,very,4444470309045.0,GoldenRod,two,,Oceanographer,,387-JFMK,http://patterson-clark.com/,1993-04-09 05:54:25,Hair surface cup special better lot democratic. Money say two read you imagine deal along.,22.451224,23.824459,America/Belize,Movies,Active,Desktop,iOS,Safari,49.0.0,42.0,"['Robles-Steele', 'Lopez-Taylor', 'Olson, Tucker and Lang', 'Smith-Barrera']","['Dispensing optician', 'Conservator, museum/gallery', 'Site engineer']","[3, 2, 1, 3, 2]",147848.73,Nelson and Sons,PhD,2021.0,3.35,"Fletcher, Schaefer and Valencia",,7 times per week,7.0,Sedan,2016-08-13,Walmart,135.86,Weekly
,Stewart,robertcontreras@example.org,,"6219 Phillips Key Apt. 966
Selenatown, AS 74214",West Stacy,Wisconsin,,Denmark,,4847520436264754.0,01/28,American Express,GB06JGYZ73282736148027,CUC,9649.23,meet,,WhiteSmoke,analysis,Hopkins Inc,Actuary,757-42-1464,9UU F09,,2004-01-29 14:51:40,Daughter energy enter be for. Not small century lot card hot team agency. Kitchen fund send professional back.,-32.2958445,-153.857099,,Travel,Active,Mobile,iOS,Chrome,22.6.8,90.0,,"['Nurse, mental health', 'Engineer, electronics', 'Ambulance person', 'Sales promotion account executive']",,113002.29,Stout-Kim,PhD,2002.0,3.6,Thompson PLC,Diabetes,,9.0,Truck,2013-03-20,Target,323.12,
,Johnson,smithbrian@example.org,7444710621,"USCGC Garcia
FPO AE 62934",Port Parkerland,Alabama,92536.0,,1919-06-12,4514038299789363.0,,Mastercard,GB37BBFW98963698836594,GNF,9961.58,range,9073029194389.0,DarkSalmon,population,Lane-Smith,Trade union research officer,718-46-9813,1-9804A,https://perez-johns.com/,1989-12-22 11:30:34,Some fall meeting report expect long. Account court skin star series organization green. Father actually model hour.,0.794718,-137.990739,Asia/Hebron,Food,Inactive,Mobile,macOS,,98.0.9,24.0,,['Restaurant manager'],[9],132942.79,"Mcdonald, Huffman and Klein",PhD,1994.0,2.92,,,1 times per week,5.0,,2007-10-15,Walmart,255.7,Weekly
,Hayes,steve95@example.net,,,Gibsonland,Tennessee,16988.0,Latvia,,2347085860849495.0,03/25,JCB 16 digit,GB17EIVE47797407122103,NOK,1297.59,always,3631834889836.0,PaleGreen,take,"Thomas, Fitzgerald and Miller",Communications engineer,626-56-9532,9Z 0179J,https://jenkins.net/,1973-02-12 18:57:41,Fund agreement relate decision certainly bill. Brother spend ahead action why bad.,-16.6327905,54.107343,,Books,,Desktop,macOS,Chrome,74.3.2,106.0,"['Thomas-Garcia', 'Robertson, Clark and Fields']","['Comptroller', 'Teacher, music', 'Horticulturist, commercial', 'Curator', 'Data scientist']","[6, 5, 6, 4, 10]",38112.45,Horne-Gilbert,Bachelor,2022.0,3.35,Bass Ltd,Asthma,7 times per week,9.0,SUV,2005-11-25,Costco,453.86,Monthly
,Anderson,vhoward@example.org,,"7877 Williams Street
Penamouth, NE 77299",New Margaret,Missouri,98076.0,India,2002-07-27,4404915804623943.0,11/32,,GB90ZSNV48875899351071,DOP,,area,8744224099564.0,LightCoral,officer,Peters Inc,"Education officer, environmental",743-11-8436,MKP-927,http://www.brown-charles.net/,2021-03-26 07:53:32,Push teacher attack teacher. Hope gas after son include for. Town guy them different dream.,,69.731724,Africa/Tunis,Music,Inactive,Desktop,Linux,Edge,39.5.2,84.0,"['Wilson Ltd', 'Robinson, Garcia and Castillo', 'English-Fitzgerald']","['Advertising copywriter', 'Computer games developer', 'Environmental health practitioner', 'Network engineer', 'Call centre manager']","[9, 3, 10, 7]",136260.08,Hughes Ltd,Bachelor,1997.0,3.54,"Adams, Meyers and Huber",Asthma,,10.0,Truck,2007-05-25,,58.85,Weekly
,Morrison,kwagner@example.net,+1-530-484-6372x8829,"842 Mary Meadows
Allenland, MH 41327",,Illinois,83459.0,Panama,1962-01-14,,09/34,JCB 16 digit,GB95QDFN18995208534773,GBP,2874.52,thing,7516657324169.0,LightGray,experience,"Crane, Gordon and Hayes",Chief Strategy Officer,116-97-0194,824 HLJ,https://lopez.net/,1977-05-24 01:08:36,Later later among power. Night enjoy least old require. Region yeah we shake strong.,74.6264085,-160.992757,Atlantic/Canary,Food,Inactive,,macOS,Safari,16.1.5,6.0,"['Davis and Sons', 'Lopez, Williamson and Lambert', 'Davidson-Wu', 'George and Sons']","['Sports coach', 'Teacher, early years/pre']",[2],74517.94,Marshall LLC,Master,2017.0,2.79,"Johnson, Cruz and Bowman",,,5.0,Truck,2011-12-25,Walmart,112.37,Weekly
,Chan,suzannemartinez@example.com,001-477-325-6665x91187,"736 Robert Spring Suite 924
Alisonside, TN 89338",Aaronberg,Alabama,,Guadeloupe,2011-07-27,373359748276010.0,,Mastercard,GB34KXGJ81841189403127,ETB,8312.22,company,,,professor,Clark-Cummings,Event organiser,475-83-9742,096-RLFN,http://palmer-kennedy.info/,2020-09-01 03:43:12,Evening clearly these tonight food age. Perform walk expert easy word learn military.,-41.0863525,-73.841771,Africa/Blantyre,Movies,Trial,Tablet,Windows,Edge,69.0.5,89.0,"['Anderson, Vasquez and Mcclain', 'Richardson-Gonzalez', 'Jones and Sons', 'Miller, Stone and Powers', 'Sullivan, Ramirez and Miller']","['Advice worker', 'Sport and exercise psychologist']","[4, 10, 5]",66563.87,Love-Cooper,PhD,1997.0,3.19,Cole-Palmer,,5 times per week,9.0,Electric,2009-08-24,Walmart,50.45,Weekly
,,bstevens@example.org,9018213258,"PSC 6745, Box 4311
APO AA 52721",Julietown,Arkansas,10159.0,Jamaica,1912-10-25,4000847945251862.0,06/31,Maestro,GB39EMGZ73520387477668,BGN,7454.0,for,5642418122131.0,Orange,could,"Smith, Keller and Villa",Probation officer,319-91-7760,EPB-740,http://www.ryan.com/,2002-04-17 06:52:41,Radio last ground. Bring so which beat cost friend hear least. Eye church top federal long spend treat road.,-44.579645,61.103878,,Books,Active,Tablet,Android,Firefox,45.9.2,75.0,"['Gross Ltd', 'Mcdaniel-Little', 'Doyle PLC', 'Wright, Palmer and Lopez', 'Mejia-Clark']","['Chemist, analytical']",,50465.43,Wilkinson-Berry,Bachelor,2012.0,3.26,Christian and Sons,Diabetes,,,Truck,2011-05-24,Walmart,,Occasionally
,Guerrero,,426.696.1852,"415 Strong Terrace
West Amy, AS 53506",North Thomastown,Indiana,69657.0,Slovenia,1945-10-21,4465651368376331.0,08/30,Diners Club / Carte Blanche,GB33ETRV46808437184621,HTG,,long,5409639209832.0,LightSlateGray,official,Hudson Group,"Geologist, wellsite",388-92-4747,8-00568,http://miller.com/,1992-03-02 20:28:16,Safe rule suddenly join push store. Move again report national property. Without usually little. Heavy outside order enjoy other a.,85.630431,,America/Guatemala,Food,Inactive,,iOS,Chrome,77.7.4,66.0,"['Wright, Fitzpatrick and Solomon', 'Peters-Farrell', 'Ellis, Phillips and Campbell', 'Burke, Russell and Dillon', 'Roberts Inc']","['Sports coach', 'Social researcher', 'Phytotherapist']","[8, 9, 2, 2]",98973.02,Ford Ltd,Master,2012.0,3.59,Hunter-Watson,Hypertension,3 times per week,7.0,SUV,2004-03-30,Amazon,433.38,Occasionally
,Chavez,hendrickslisa@example.com,001-216-250-1591x839,"80734 Mueller Greens Apt. 697
Parkertown, WV 76028",Danielland,Georgia,50963.0,Korea,1944-10-07,379328774711285.0,12/25,VISA 19 digit,GB86LKLB65247088454951,MDL,4910.52,themselves,792594470726.0,LemonChiffon,hand,Wilson Ltd,Art gallery manager,390-57-6208,T00 7BK,https://www.thompson.biz/,,Bit around election modern simple. Expect attention loss full free another mind kind.,-85.2101155,25.41713,Asia/Beirut,Food,Trial,,Windows,Edge,17.5.2,21.0,,"['Garment/textile technologist', 'Drilling engineer', 'Arboriculturist']","[1, 1, 1, 2, 2]",54999.0,Mckay-Phillips,Bachelor,2002.0,2.66,"Peterson, Hill and Myers",Hypertension,5 times per week,10.0,SUV,2002-01-07,Target,422.7,Occasionally
,Nixon,curtis89@example.net,001-507-427-7329,"376 Marsh Rest
Brownshire, NY 44048",East Steventown,West Virginia,60126.0,Afghanistan,1929-02-16,30312699802651.0,06/31,JCB 16 digit,,,4121.98,artist,9353588419124.0,MediumOrchid,near,Reed and Sons,Advertising account executive,273-79-5495,1514 ZE,http://www.valdez.com/,2022-06-30 05:09:24,Guy order none citizen plan change. Especially soldier political treat respond.,41.7380095,119.313837,Asia/Vientiane,Books,,Tablet,macOS,Chrome,9.3.4,104.0,"['Thompson, Leon and Lee', 'Johnson, Wilson and Fitzpatrick']","['Surveyor, mining']","[8, 6]",138196.84,Burton Inc,Master,2011.0,3.73,"Franklin, Jackson and Warren",Diabetes,4 times per week,10.0,Sedan,2019-09-01,Costco,317.17,Weekly
,Garcia,lisagrant@example.net,(893)266-7453x29469,"22050 Sonya Club Suite 095
Davisstad, AL 23716",,Virginia,29196.0,South Georgia and the South Sandwich Islands,,213125686243344.0,02/27,JCB 16 digit,GB04XQHR54926988409715,,8606.49,everyone,9107798466436.0,,recent,Martin and Sons,Animal nutritionist,235-43-5422,198-LKB,https://miller-clarke.com/,1990-03-18 14:44:52,Order choice most group everybody image coach. National add senior sound that operation avoid morning. Protect simple other role not participant theory.,-31.3798815,52.046234,America/Guyana,Sports,Inactive,Mobile,macOS,Edge,63.8.6,55.0,"['Myers Group', 'Berry Inc', 'Pittman, Morton and Hudson', 'Anderson, Parker and Levy', 'Solis-Smith']","['Sports development officer', 'Art gallery manager', 'Conservator, museum/gallery']",[8],,"Harrington, Patterson and Hooper",Master,1997.0,,Young PLC,,7 times per week,9.0,Sedan,2011-02-24,Target,213.73,Occasionally
,,shannon95@example.com,(242)946-0180x8717,"46284 Brown Ferry
Port Dawn, MD 23828",Timothyview,,11392.0,Seychelles,1921-03-29,,04/28,VISA 13 digit,GB15JUIV98590878255845,NGN,2100.06,than,1058826711449.0,White,per,"Mitchell, Dixon and Smith","Engineer, aeronautical",198-21-4095,475KYC,http://www.thompson-johnston.com/,1975-08-25 19:45:07,,48.6219165,-58.504683,Asia/Samarkand,Sports,Active,Desktop,Android,,21.1.6,12.0,"['Lloyd, Townsend and Spencer', 'Stanley PLC', 'Nichols-Nichols', 'Savage-Morris']","['Engineer, materials', 'Corporate investment banker', 'Development worker, international aid']",[6],131814.47,"Sanchez, Jones and Ayers",PhD,,3.53,"Mccormick, Brown and Martinez",Hypertension,1 times per week,7.0,Sedan,2003-01-25,Walmart,477.49,Monthly
,Martin,laurahernandez@example.org,423-783-9257x669,"1633 Robert Mountains
Kevinchester, IL 44687",South Tyroneside,Utah,77478.0,North Macedonia,,2508450991334590.0,08/31,JCB 16 digit,,SRD,4977.36,low,755881910817.0,,nation,Wilkinson PLC,"Engineer, manufacturing systems",147-96-5167,998-YBE,,,Color suggest affect guess thank both. Community difficult position safe expert recognize bring. Example trip price Mr perform. Way indeed law role song animal impact ago.,17.4364025,112.448089,America/Costa_Rica,Movies,Trial,Mobile,Windows,Chrome,88.5.0,44.0,"['Bradley-Hernandez', 'Christian-Marshall']","['Media buyer', 'Production assistant, radio']","[10, 1, 3, 4, 3]",,Ramirez Ltd,PhD,2013.0,2.68,Payne Inc,,3 times per week,5.0,SUV,2017-11-19,Target,,Weekly
,Flynn,ytaylor@example.net,462.893.0696,"PSC 4537, Box 2395
APO AA 03703",Roystad,Utah,99605.0,Vietnam,2004-06-17,180080048732477.0,06/32,Mastercard,GB25WFED79513984908441,GHS,4153.16,process,8132225981771.0,DarkKhaki,lawyer,,Financial trader,405-80-6029,,http://barber.info/,1977-12-16 22:50:17,Travel organization window generation sometimes others. Bad be over stand understand idea case. Buy discussion music.,66.9184845,149.625782,Asia/Dushanbe,Music,Inactive,,,Edge,82.5.2,66.0,"['Nelson Inc', 'Pena, Lee and Duncan', 'Francis, Lopez and Adkins']","['Research officer, political party', 'Technical brewer']",[9],,Williams Group,Master,2023.0,3.7,Cuevas-Wiley,Hypertension,7 times per week,8.0,Truck,2013-02-22,Costco,186.68,Weekly
,Bailey,,8636033705,,East Racheltown,Pennsylvania,47099.0,Holy See (Vatican City State),1995-09-14,6011001205871348.0,,Discover,GB18SRVB47617626881593,NAD,1367.26,wish,1425660618669.0,MediumBlue,approach,"Johnson, Jennings and Le",Associate Professor,524-09-1422,,https://www.randolph.com/,2019-10-05 15:11:34,Him information science find trade rather. Close especially from performance himself. Issue star so represent.,56.248376,-107.231435,Africa/Bissau,Books,Active,Mobile,Android,Edge,42.1.5,110.0,"['Figueroa LLC', 'Gutierrez Ltd', 'Garcia, Bright and Bowman']",,[4],,Jones PLC,PhD,2013.0,2.86,Thomas Ltd,Asthma,4 times per week,7.0,Truck,2016-05-01,Walmart,260.0,Occasionally
,Butler,davisdouglas@example.net,001-893-426-7814x44641,"32606 Alexandra Extensions
Smithhaven, VI 30625",Kimberlyfort,Utah,83227.0,North Macedonia,,3573671994769445.0,03/30,American Express,GB06OHHZ19173384129035,NOK,8300.69,reach,400149703129.0,PeachPuff,factor,Howard-Mccoy,Operations geologist,876-09-3826,ECU-1195,https://simpson.com/,1975-02-23 19:47:24,Vote theory maintain former. Individual wall bed network left.,-39.5144645,-20.494978,Africa/Harare,Sports,Inactive,Desktop,Windows,Edge,20.0.7,56.0,"['Austin-Johnson', 'Lin-Fisher', 'Larsen LLC', 'Meadows-King']","['Engineer, aeronautical', 'Chief Executive Officer', 'Conservation officer, historic buildings']","[2, 5, 4, 7, 4]",40051.02,Ramirez-Young,Master,1997.0,3.32,Yoder Ltd,Hypertension,2 times per week,7.0,Truck,2022-12-03,,164.61,Monthly
,West,youngwilliam@example.net,,"USNV Yoder
FPO AA 09736",East Erikmouth,Virginia,20503.0,Monaco,1972-01-14,376382376389100.0,11/33,VISA 13 digit,GB79SSQM12203314179017,KES,6387.42,live,9820050627856.0,LightGreen,daughter,Yang-Hernandez,"Psychologist, educational",443-46-2669,XI3 N7V,https://www.morgan.com/,1970-10-22 09:26:56,Garden heart know official guess. Participant hospital between really evening then our. Character why per tell thus.,-57.4692345,78.625247,,,Trial,Tablet,Windows,Chrome,9.1.1,20.0,['Baldwin-Morris'],"['Training and development officer', 'Psychologist, counselling', 'Actor', 'Town planner']","[8, 5]",41927.99,Long LLC,Bachelor,2016.0,2.87,Copeland Inc,Diabetes,3 times per week,7.0,SUV,2003-05-23,Costco,496.05,Weekly
,Campbell,,7235203995,"02181 Ronald Field
East Saraport, MD 82344",Port Dylan,Nevada,,Aruba,,4748456529965.0,11/27,Maestro,GB17RDRP57400321660190,BWP,8903.78,only,2258446489554.0,DarkSalmon,fund,Monroe-Avila,,679-07-7908,854-722,http://www.meadows.com/,1972-01-14 11:51:30,At game reach knowledge past travel. Mr manage fine type factor be.,39.591072,-42.705955,Asia/Thimphu,Technology,Inactive,Tablet,Windows,Chrome,17.8.7,53.0,"['Choi, Johnson and Marshall', 'Rojas-Sanders', 'Green Inc']","['Farm manager', 'Community pharmacist']","[6, 5, 3]",118650.53,"Hodges, Obrien and Carlson",Bachelor,2014.0,2.58,Smith-Sawyer,Asthma,1 times per week,9.0,Sedan,2014-06-12,Walmart,240.37,Monthly
,Harrison,robynsanford@example.net,001-514-950-0928,"6480 Taylor Orchard
Brandontown, AR 05887",Mcfarlandview,New Hampshire,72058.0,Cambodia,1921-07-03,180073720252443.0,02/29,,GB11RBDL77642640525472,MMK,6511.82,low,7713429950780.0,Beige,top,Woods-Li,Careers information officer,,793 LE8,https://johnson-brown.com/,1995-11-08 17:19:21,Husband candidate level everything. Suddenly newspaper better. Though center executive less expect growth.,-35.792038,48.843924,Asia/Katmandu,Movies,Trial,Mobile,Linux,Chrome,52.0.2,74.0,"['White-Jackson', 'Dodson-Moore', 'Morgan-Moore', 'Maynard-Jackson', 'Mcdonald-Smith']","['Administrator, Civil Service', 'Legal executive', 'Corporate treasurer', 'Chartered loss adjuster', 'Insurance broker']","[8, 5, 7, 9, 7]",128647.09,Lee-Nguyen,Master,2010.0,3.28,Avery LLC,,,8.0,Sedan,2010-12-25,Costco,329.12,Occasionally
,Higgins,mbrown@example.net,997.818.4074x43896,"Unit 9283 Box 1184
DPO AA 51395",,Georgia,94267.0,Norway,1913-09-17,3585730705589207.0,02/33,Mastercard,,DJF,4443.55,however,1839008275405.0,Violet,,Parks-Thompson,Civil Service fast streamer,103-68-4916,6NY 431,http://smith-martin.com/,2004-05-26 13:05:15,Quality manage practice religious reach agree simple such. Return best me physical. Unit player environmental possible huge history.,-60.813817,,Asia/Muscat,Sports,Inactive,Tablet,macOS,,5.2.0,80.0,"['Aguilar, Jones and Morris', 'Murphy-Barron', 'Chavez-Williams', 'Davis, Butler and Horn', 'Russell, Rivera and Hancock']","['Insurance account manager', 'Educational psychologist', 'Tourist information centre manager']","[5, 7]",50039.77,Daniels and Sons,Master,1997.0,3.52,Malone Ltd,,3 times per week,8.0,Electric,2013-01-24,Amazon,395.26,Weekly
,Perez,stephaniebates@example.org,(538)569-3812x377,"826 Zuniga Road
Vincentport, NE 35982",Port Karashire,Alaska,89447.0,,1986-03-29,30059749622742.0,03/31,,GB53PBSM08657003244967,SBD,725.17,century,,Thistle,business,Small-Bishop,Economist,237-82-8274,5-7555D,https://schultz.com/,1991-04-26 08:23:13,,-42.2437545,,,Music,Inactive,Desktop,Windows,Safari,37.0.5,33.0,"['Mccall-Mitchell', 'Ferguson-Brooks', 'Calderon-Valenzuela', 'Leonard, Turner and Figueroa']","['Technical brewer', 'Best boy']",[2],116655.47,"Cardenas, Foster and Singleton",PhD,1993.0,3.94,"Baker, Preston and Stewart",Asthma,6 times per week,8.0,Electric,2011-10-16,,315.52,Monthly
,Gill,lindaayers@example.com,2092180993,"USNS Smith
FPO AA 85737",Michealtown,,58559.0,El Salvador,2016-10-12,4030985416109.0,05/29,,GB62QNQS35639881466279,NPR,,lawyer,4659560451850.0,DarkSalmon,store,"Stewart, Woods and Copeland",Maintenance engineer,170-04-4263,PZI 0028,http://www.ayala-baxter.org/,2009-12-25 15:10:07,Cut discuss early show attention relationship police. Big live deal parent end character. Place usually consider rock foreign voice.,-4.7891575,,America/Guyana,Technology,Trial,Tablet,Linux,Edge,34.5.6,37.0,"['Yu, Lindsey and Cox']","['Chemist, analytical', 'Lobbyist']",,107337.5,Arnold-Hammond,PhD,2004.0,2.91,"Moore, Harper and Nunez",,7 times per week,5.0,Truck,2000-02-13,Target,350.16,Weekly
,Howard,alec69@example.org,001-868-506-2739,"USS Williams
FPO AA 43656",Petersburgh,South Carolina,73926.0,United States Virgin Islands,1925-04-04,4256329309177.0,04/27,Discover,GB88NXBD23364515690106,HTG,3530.99,white,49362249368.0,MistyRose,pretty,Martinez Inc,Media planner,367-36-8006,T11 1JD,,2012-03-09 07:29:26,Chair general return represent official floor. End smile house whether young. Value south themselves show money.,26.140636,11.32934,Africa/Freetown,Food,Active,,,Edge,,99.0,"['West-Stevens', 'Thomas-Roy', 'Santos, Young and Peters']","['Counselling psychologist', 'Emergency planning/management officer', 'Cabin crew', 'Primary school teacher']","[1, 3, 1]",88171.02,Brown-Myers,PhD,1991.0,3.87,"Rivera, Miller and Hall",Diabetes,3 times per week,7.0,Sedan,2008-07-16,Amazon,182.99,Weekly
,Williams,,569.221.0777x39578,"58461 Shannon Place
North John, ID 08473",Jonathanborough,Colorado,24096.0,Gabon,1922-11-02,675962271721.0,,VISA 16 digit,GB83CQWF09206028148775,,4471.97,away,7975175513231.0,Navy,,"Lopez, Brown and Powers","Sound technician, broadcasting/film/video",695-95-7225,965FQ,https://webb.com/,2006-03-08 01:59:06,At into feeling ago defense. Vote around just place. Score many important focus real perform win say.,-83.614571,22.536736,Asia/Aqtau,Books,Trial,Desktop,macOS,Firefox,19.5.1,,['Jones Group'],"['Field seismologist', 'Special effects artist', 'Event organiser']","[5, 4, 1, 3]",108989.97,Barber-Brown,PhD,2016.0,3.77,"Wilson, Church and Marshall",Asthma,3 times per week,9.0,Sedan,2015-11-20,Amazon,379.29,
Erica,Osborne,amy56@example.net,+1-960-312-6027,"53441 Monique Hills
Lake Toddbury, MH 81514",East Robertstad,Idaho,45595.0,North Macedonia,1972-11-08,3503512160535308.0,12/32,JCB 15 digit,GB28IPRJ50908344559130,LRD,9150.21,deep,9050657312187.0,LightGreen,,Stephens Group,"Designer, interior/spatial",086-64-4364,E17-NNB,http://www.romero.com/,1997-07-16 19:40:05,Course huge film structure sense city herself. Discuss point movement rather. Face off ball agreement.,31.983542,-43.963266,Asia/Ashgabat,Books,Active,Tablet,macOS,Chrome,2.6.9,102.0,['Thompson-Kemp'],"['Event organiser', 'Telecommunications researcher', 'Physiotherapist', 'Engineer, manufacturing', 'Horticultural therapist']","[1, 9, 2, 7, 7]",31426.0,Camacho Inc,,1995.0,3.37,"Peterson, Anderson and Baker",Asthma,6 times per week,10.0,Sedan,2006-11-01,Target,287.93,Monthly
Jennifer,Grant,ufrost@example.net,+1-987-363-1595x3938,"PSC 0288, Box 5876
APO AA 93751",North Kevin,Washington,82105.0,Falkland Islands (Malvinas),2006-10-06,30282995486873.0,06/30,Diners Club / Carte Blanche,GB63YRSY72769169290332,IMP,7722.34,teach,8785239665382.0,PaleTurquoise,place,Lee LLC,Forensic psychologist,590-82-8903,60-30754,https://www.nelson-pierce.com/,,,,95.953581,Atlantic/Cape_Verde,Food,,Mobile,Linux,Chrome,18.2.9,19.0,"['French-Ryan', 'Chase, Cardenas and Rogers']","['Interpreter', 'Chief Executive Officer', 'Financial trader', 'Futures trader', 'Magazine journalist']",,78844.74,,Master,,3.99,Little-Santiago,Diabetes,3 times per week,8.0,Sedan,2013-12-19,Target,167.0,Monthly
Patricia,Deleon,anthonyday@example.org,,"USS Schneider
FPO AA 44348",New Morgan,Arizona,63408.0,,1922-12-05,4.867423852492712e+18,09/34,Discover,GB39RCIP31425120298300,NGN,4520.49,open,9717855103374.0,Magenta,face,Smith LLC,Sales executive,350-12-1270,562 SNH,http://newton.com/,,Can sing husband matter likely prevent hear trouble. Everyone win should research executive black. Building child usually sea upon.,0.7568515,88.062433,America/Guatemala,Movies,Inactive,Desktop,macOS,Chrome,29.3.3,3.0,"['Reyes, Price and Palmer']",['Systems developer'],"[6, 6, 9, 4]",38693.48,"Walker, Ross and Collins",Master,,2.51,Davis LLC,Hypertension,6 times per week,8.0,,,Target,198.87,Monthly
Deanna,Smith,michelle21@example.net,4134720896,,Lake Robertmouth,California,7687.0,Mauritania,1969-02-13,180062236791226.0,01/26,VISA 16 digit,GB55BEKQ83436282207475,BOB,,century,7781273689217.0,LemonChiffon,because,West-Watson,Ophthalmologist,713-94-7058,602P,https://www.ball-roman.com/,2000-08-29 21:52:24,Stand difficult head player. Level everyone bag memory speak. Save daughter table finally. Newspaper radio remain should gas.,-72.7634745,78.215577,Europe/Vaduz,Movies,Inactive,Tablet,macOS,Edge,26.1.1,2.0,"['Norris-Lopez', 'Gibson LLC', 'Lamb-Wright', 'Miller, Reese and Bryant']","['Secretary/administrator', 'Health physicist', 'Transport planner']","[6, 6]",44142.53,Ramirez-Howard,,1998.0,3.96,Brooks-Lopez,Hypertension,5 times per week,10.0,Truck,2009-05-09,Target,493.56,Weekly
Janet,Long,davidharris@example.com,214.242.9162,"56462 Jessica View
Jacksonfurt, DC 27215",Lake Bryceborough,Nebraska,44332.0,Spain,2004-02-27,4027522647857.0,07/28,Diners Club / Carte Blanche,,INR,568.48,daughter,3549840346468.0,Violet,herself,Nguyen PLC,,854-47-4787,7-Y7125,http://www.wilkerson.net/,,,-79.490693,-43.572913,America/Panama,Music,Trial,Desktop,macOS,Firefox,84.0.3,,"['Hanson-Ramirez', 'Hernandez Inc']","['Administrator, sports', 'Radiation protection practitioner']","[3, 2, 5, 10]",108994.9,"Douglas, Schneider and Vega",Master,2016.0,3.77,Peterson PLC,Diabetes,7 times per week,9.0,Electric,2018-02-01,Costco,325.17,Occasionally
Alexis,Johnston,rsmith@example.org,746.787.8164x657,"295 Blair Well Apt. 942
East Donald, ME 29798",Reedborough,Iowa,17408.0,Guinea,1909-03-08,349344025782261.0,10/32,JCB 15 digit,GB84VUVG98688404493751,DJF,1233.94,have,,,onto,Callahan and Sons,Chief of Staff,363-97-6783,1S 2820K,http://hurst.net/,2018-07-09 14:16:24,Offer matter simple collection. Probably break current major staff science car. Fill effect remain activity. Order assume miss.,73.515844,-46.154133,Europe/San_Marino,Movies,Active,Tablet,iOS,Firefox,54.9.1,20.0,"['Schultz, Fernandez and Lee', 'Chandler, Green and Delacruz', 'Sexton, Peterson and Brown', 'Burgess Ltd', 'Harding and Sons']","['Corporate investment banker', 'English as a second language teacher', 'Automotive engineer', 'Trade union research officer']","[7, 8, 4, 6]",39839.22,,Bachelor,2008.0,3.04,"Jackson, Rodriguez and Davis",,1 times per week,5.0,Truck,2016-03-25,Walmart,68.18,Weekly
Russell,Cuevas,egarrison@example.com,001-704-770-5667x6335,"5265 Pierce Plains
Williamston, TX 64276",East Maryfurt,Missouri,93753.0,Netherlands Antilles,1969-07-08,3534504777273947.0,09/26,VISA 19 digit,GB06ZICW96991969114038,TND,7795.5,month,1965199272692.0,PaleGreen,leg,,Naval architect,732-80-6582,0P O1156,https://www.lewis-miller.info/,2004-11-29 21:38:21,Somebody number hour skin actually ahead. Majority trade friend office carry. Keep opportunity ago eye.,89.1593065,84.734147,Europe/London,Travel,Active,Desktop,Android,,,51.0,"['Gonzalez, Stuart and Martin', 'Garza-Allen', 'Martin-Hickman', 'Jarvis, Powell and Dean', 'Allen-Ross']","['Electronics engineer', 'Chartered management accountant']","[1, 4]",101410.65,Kelly-Smith,Master,,3.72,"Gonzalez, Morse and Guzman",Asthma,6 times per week,7.0,Electric,2017-02-24,Costco,186.55,Weekly
Daniel,Bell,mrodriguez@example.com,541.469.4505,"5039 Henderson Square Apt. 668
Vasquezhaven, AR 00858",West Jacob,Massachusetts,5519.0,Palestinian Territory,1972-08-09,213185558063733.0,07/34,,GB73CBIR01452762826766,BYR,4209.39,career,8283727910735.0,Teal,wind,,"Administrator, charities/voluntary organisations",004-58-8975,3L SG318,https://www.massey.com/,2021-02-04 10:26:42,Full always decade tell. End interest heavy heart wall too develop. Attorney blood keep deal wide.,35.514513,105.49157,Asia/Tokyo,Music,Inactive,Tablet,iOS,Edge,70.1.6,38.0,"['Gould Group', 'Salas, Williams and Figueroa', 'Allison-Jackson', 'Roberts Ltd', 'Kim-Reed']","['Warden/ranger', 'Information systems manager', 'Chartered legal executive (England and Wales)']","[7, 3, 1]",125577.78,"Prince, Ramos and Johnson",Bachelor,2020.0,2.81,Villa and Sons,Hypertension,7 times per week,8.0,Electric,2018-02-17,Costco,165.82,Monthly
Debra,Thomas,shanecox@example.org,+1-455-208-1632x06804,"526 Debra Garden
Lake Lindashire, NV 52853",South Ethanburgh,Rhode Island,10016.0,Montenegro,1973-12-27,4262715301764690.0,10/33,Mastercard,GB40GTMX50728863193322,,2310.23,lot,4363034335347.0,PaleGoldenRod,front,"Stone, Lopez and Arnold",Product designer,027-21-6385,24O O27,https://www.stevens-gonzalez.net/,2010-09-06 06:03:32,Teacher suggest help meeting coach. Drug which tough physical. Around owner make few there. Form different become after north.,-33.966577,-112.502314,Asia/Riyadh,Travel,Trial,Desktop,Linux,Safari,91.9.0,110.0,['Pearson Ltd'],"['Actor', 'Psychologist, prison and probation services', 'Education officer, environmental', 'Product manager', 'Secretary, company']",[8],85614.17,Jones and Sons,PhD,,3.5,"Walker, Gray and Roberts",Asthma,7 times per week,10.0,Truck,2014-11-02,Walmart,169.36,Occasionally
Brady,Perez,carl05@example.net,,"6208 Christy Shore
North Mark, MP 23605",North Sue,Hawaii,97862.0,Solomon Islands,2023-03-04,4169197299045602.0,09/25,Diners Club / Carte Blanche,GB68CLJV27385265476048,KGS,8087.74,oil,7089840761657.0,Snow,approach,Nelson Inc,Forest/woodland manager,698-88-9536,YJV-3885,https://wilson.com/,2009-11-20 17:37:08,Class test check suffer star once. North weight guy. Fall manager idea issue color small notice kind.,1.62941,-174.997579,Pacific/Apia,Books,Inactive,Desktop,Android,Firefox,94.7.7,83.0,"['Cardenas, Osborne and Burgess', 'Jones Group']","['Health promotion specialist', 'Ecologist', 'Senior tax professional/tax inspector', 'Doctor, general practice']","[5, 5, 2]",56281.63,,PhD,2009.0,2.55,"Cruz, Hamilton and Collins",,3 times per week,9.0,Electric,2000-06-18,Walmart,256.34,Occasionally
Benjamin,,wayne67@example.org,(683)833-8672,"USNV Sanders
FPO AP 24621",South Jackberg,Louisiana,10710.0,Saint Martin,2011-05-11,,,VISA 16 digit,,BBD,1638.16,she,7811581702107.0,,board,"Smith, Murray and Baldwin",Air traffic controller,253-82-7583,HKB 890,https://www.norris.com/,1985-02-07 12:15:40,Plan fact news man gas as town. Tell class up young instead Mr authority.,-16.1753035,74.60602,Africa/Bangui,Travel,Inactive,Desktop,Linux,Edge,10.7.3,,"['Thornton PLC', 'Deleon PLC', 'Diaz, Howard and Campbell']","['Pathologist', 'Health and safety inspector', 'Chiropractor', 'Technical sales engineer']","[6, 3, 7, 10]",106501.28,,,2018.0,3.18,"Murphy, Ortiz and Salinas",Asthma,7 times per week,10.0,Electric,,Costco,143.99,Monthly
Julie,Cole,susan45@example.net,278-777-4454,,Sheppardland,Minnesota,65068.0,,1949-12-15,30483882350301.0,10/26,JCB 15 digit,GB96XAOI77962334417244,MYR,,begin,2671728719093.0,MintCream,forward,,"Social research officer, government",552-85-4233,739 EKR,https://www.horne.com/,2001-03-23 07:41:53,Would bar town decide series relate send. Seven next program exactly. Whole light team at sing pay list.,66.8250745,-85.589778,Africa/Niamey,Technology,Trial,Tablet,Linux,Edge,,45.0,"['Rodriguez, Carrillo and Stein', 'Arroyo-Bautista', 'Smith, Washington and Wright']","['Translator', 'Chartered accountant']",[10],75303.15,Montgomery-Watson,Master,1999.0,2.68,"Smith, Perez and Conway",Asthma,7 times per week,,Sedan,2010-05-18,Costco,381.48,Occasionally
Jeffrey,White,eric65@example.org,577-267-0488,"2828 Dixon Forge
East Timothytown, OH 00579",Port Lisa,Vermont,,Namibia,1998-12-01,4815615229069689.0,,VISA 16 digit,GB12AERO34095548993572,BYR,3756.54,office,489377882080.0,Linen,cost,Butler Group,Building control surveyor,886-16-5016,YCX3942,http://nielsen.com/,2013-04-19 16:30:58,Involve ability somebody free. Establish wish record two few three training. Poor before anyone painting wonder walk. Old last respond.,75.2117275,63.887865,Europe/Zagreb,Technology,Trial,Tablet,Android,Firefox,53.9.7,73.0,"['Richardson, Booker and Whitehead', 'Acosta Inc', 'Williams and Sons', 'Gonzalez Group', 'Williams-Vazquez']","['Industrial buyer', 'Cytogeneticist', 'Conservator, museum/gallery']",,115342.75,Miles-Mcguire,Master,2010.0,2.78,"Daniel, Reed and Hester",Asthma,4 times per week,10.0,SUV,2002-08-02,Walmart,235.34,Weekly
John,Wilson,banksjames@example.org,756.886.1591,"10440 Daniel Knoll Suite 276
Lake Tina, IA 12756",South Erikshire,North Dakota,59978.0,Turkey,1982-06-18,,04/27,VISA 19 digit,GB55KNDX60484695740072,CRC,3468.25,recent,343183384643.0,SandyBrown,wall,"Mendoza, Levy and Armstrong",Personal assistant,,GLX2430,https://morgan.com/,1992-07-08 16:42:20,Pressure most book another.,-50.5762995,22.451905,America/Caracas,Technology,,Mobile,macOS,Chrome,37.0.6,115.0,['Alexander and Sons'],"['Training and development officer', 'Transport planner', 'Sales executive', 'Surveyor, planning and development']","[6, 4, 1, 5, 4]",142343.84,Drake and Sons,PhD,2017.0,2.99,Armstrong LLC,Diabetes,6 times per week,10.0,Electric,2009-11-22,Amazon,,Monthly
Leslie,Smith,,001-297-629-3801x8986,"07663 Joseph Land Apt. 645
Charlesburgh, VA 10178",Cassandrabury,Utah,50184.0,Aruba,1923-06-11,3526231733620686.0,01/26,JCB 16 digit,GB59UADP29970247848359,NPR,6006.47,music,,,impact,Li-Decker,,306-83-2898,022 4VX,http://long.biz/,1974-07-18 12:51:49,Treat mother listen yeah save tonight. Realize class accept main doctor ability security. Marriage nation way may recent. As enter camera special national.,-20.1633975,-129.305117,Asia/Qatar,Movies,Active,Tablet,iOS,Edge,,44.0,"['Willis, Robertson and Cohen', 'Hunter Ltd', 'Hill-Evans', 'Smith-Farmer', 'Jackson and Sons']","['Designer, fashion/clothing', 'Interpreter']","[2, 5]",133968.2,"James, Dickson and Frank",Master,2003.0,2.64,Bell-Rios,Asthma,3 times per week,6.0,Electric,,Amazon,426.6,Weekly
Dustin,Martinez,kfigueroa@example.net,895-793-9825,"3655 Michael Club Suite 284
Port Ronaldberg, UT 51997",Lake Christopher,New Jersey,31354.0,United Arab Emirates,1961-11-05,180050793693463.0,12/30,VISA 16 digit,GB89IXQA72939419358419,OMR,1191.55,,621590846979.0,MediumSlateBlue,affect,Rodriguez-Matthews,Higher education lecturer,396-30-5019,,https://www.flores.com/,2021-12-12 03:31:30,Another news open former according themselves PM. Ball environment community issue. Seven least data science blue anything.,39.963598,-174.377983,Asia/Saigon,Food,Active,,Windows,Firefox,53.9.0,93.0,"['Campbell and Sons', 'Caldwell, Alvarez and Fitzpatrick']",['Video editor'],"[9, 10, 10]",77366.6,Phillips-Allen,PhD,1999.0,3.62,"Martinez, Dalton and Herrera",Asthma,6 times per week,9.0,SUV,2016-10-29,Amazon,208.01,Occasionally
Julie,,jon67@example.com,(890)559-7932x3968,"PSC 0067, Box 4970
APO AP 39070",Brownfurt,Idaho,37301.0,Saudi Arabia,,568095832933.0,07/30,Maestro,GB71TBFZ96677585501579,CUC,6186.32,impact,2228145951102.0,Cornsilk,suggest,Jackson Group,Comptroller,608-93-0909,337 UAR,https://morris.org/,,Road air cell. Republican that economy. Plant again together particularly offer blue five.,19.5651695,112.739764,Europe/Athens,Food,Inactive,,iOS,Edge,71.1.3,71.0,"['Jones Ltd', 'Walls, Smith and Dawson', 'Coleman-Stephens', 'Simmons PLC', 'Shannon-Colon']","['Art therapist', 'Environmental manager', 'Surgeon', 'Systems developer', 'Retail merchandiser']","[3, 1]",101585.71,Gibson-Holden,PhD,2006.0,2.9,Lopez Inc,Asthma,2 times per week,6.0,Electric,2020-10-03,Walmart,300.81,Occasionally
Denise,Fields,heatherjohnson@example.org,210-684-6000x233,"81959 Eric Freeway Apt. 175
West Denisechester, WA 83289",Port James,Washington,,Tonga,1981-01-08,4.07868463949164e+18,05/25,Mastercard,GB06EUAJ20938270547385,MWK,1575.14,present,5713917034161.0,MediumVioletRed,natural,Carter-Brooks,Tree surgeon,575-86-8633,137 0BU,https://www.stuart.com/,1973-01-15 21:24:03,Agreement question point under. Force wrong allow mission sea. Through both let save much force team other.,,66.235447,Asia/Taipei,Food,Inactive,,Windows,Safari,52.6.3,,"['Marshall-Schaefer', 'Garcia, Rogers and Berg', 'Ashley-Watson']","['Therapist, drama', 'Pharmacist, community', 'Lexicographer', 'Sports administrator']","[3, 6, 4, 2]",133077.37,"Jones, Medina and Taylor",Bachelor,2024.0,2.79,"Taylor, Gates and Miller",Hypertension,3 times per week,8.0,Truck,2011-01-31,Target,355.36,Weekly
Heather,Martin,daniellesanchez@example.net,807-960-3345x23532,"9029 Gloria Stravenue
East Andrew, GU 42879",North Brandonville,Oregon,80648.0,,,4066953258386120.0,01/32,JCB 16 digit,GB34VLDN63763637691448,MRO,1338.46,,997340956183.0,,charge,"Long, Saunders and Simon","Nurse, learning disability",444-14-7548,25O F76,http://rodriguez.com/,2022-02-19 07:15:57,Million approach theory election rich foot herself among. Issue radio especially road get car party. All office less politics.,-69.1090065,,Africa/Sao_Tome,Music,Inactive,Desktop,macOS,Firefox,89.5.7,41.0,,,"[2, 5]",55045.68,,Master,,3.76,,Diabetes,2 times per week,6.0,SUV,2012-10-18,Costco,173.48,Monthly
Michael,Morse,tina67@example.org,(213)355-3058x154,"Unit 4274 Box 4181
DPO AP 18776",North Amandaton,Florida,74164.0,,1954-11-10,3512925248743802.0,02/30,VISA 13 digit,GB43LGMP54092434423528,BWP,8219.17,treat,,Cyan,food,,Personnel officer,139-84-8653,D75 4TN,https://www.benson-farrell.com/,1999-10-03 02:41:57,Knowledge coach owner nothing course. Military turn discover crime.,-10.0442785,-20.803945,Asia/Karachi,Books,Inactive,Tablet,Android,Safari,,75.0,"['Harper, Peterson and Carter', 'Peters, Matthews and Campbell', 'Smith-Bowen', 'Allen Ltd', 'Cherry, Walker and Johnson']","['Pathologist', 'Chartered accountant', 'Therapeutic radiographer', 'Set designer', 'Environmental manager']","[10, 7, 10]",,Baker Inc,PhD,,2.56,,Diabetes,1 times per week,5.0,Truck,2015-03-18,Walmart,158.41,Monthly
James,Diaz,glewis@example.net,(419)636-4342,"8613 Gray Ferry
Tannerberg, AZ 47790",West Thomasburgh,Virginia,80919.0,Croatia,2000-02-03,5230795671113138.0,01/32,VISA 13 digit,GB03ZGXO30320620856156,AMD,793.01,it,6555655651885.0,Yellow,can,"Hardy, Nixon and Reid",Field seismologist,127-40-1252,IG 79240,https://kelley.com/,1976-04-12 21:03:29,Drug follow play process within. Really billion stage time late guess stand.,21.274011,-121.785451,Africa/Blantyre,Travel,Active,Mobile,Android,Chrome,31.2.0,31.0,"['Garcia, Deleon and Snow', 'Benton-Daniels', 'Browning-Holt', 'Smith Ltd', 'Johnson, Wood and Sanchez']","['Designer, exhibition/display', 'Psychotherapist', 'Public house manager', 'Accountant, chartered certified', 'Surveyor, insurance']","[7, 6]",84440.39,Summers-Lutz,Bachelor,2009.0,2.69,,Asthma,1 times per week,7.0,Electric,2002-09-01,Walmart,165.57,Weekly
Leslie,Austin,jessica66@example.org,+1-703-510-1829x9962,"543 Sheri Orchard Apt. 060
Randallport, TN 93531",,California,26175.0,Western Sahara,1965-12-27,,,Discover,GB31XQOQ78043211296271,PGK,7076.07,week,758502618888.0,BurlyWood,meeting,Green-Kirby,Cartographer,121-11-9325,165 FO4,http://barnes.net/,,,-64.3012035,130.357285,America/Santiago,Technology,Inactive,Desktop,iOS,Firefox,,100.0,"['Rosales-Norman', 'Walker-Harris', 'Jackson Ltd']","['Naval architect', 'Engineer, structural', 'Therapist, nutritional', 'Building surveyor', 'Social worker']","[7, 1, 8, 3, 2]",47019.85,Walker-Garcia,Master,2024.0,3.8,Carter-Cruz,Hypertension,7 times per week,6.0,Sedan,2019-12-31,Amazon,199.25,Occasionally
Andrew,Nichols,vnixon@example.net,,"42339 Kirk Park Apt. 563
East David, UT 76166",North Juan,,24133.0,Moldova,2018-08-22,4857234925039.0,04/25,Discover,GB82LWXK36225466143153,MRO,9824.38,,4146474898326.0,FloralWhite,,"Alvarez, Gonzalez and Richardson","Development worker, community",025-94-0328,17Oâ€¢657,https://www.soto.biz/,1971-05-12 16:41:40,Write assume sport.,-76.499665,93.00362,Pacific/Port_Moresby,Food,Inactive,Desktop,Windows,,57.9.1,98.0,"['Kane, Price and Hart', 'Gallegos-Booker']","['Forensic scientist', 'Occupational therapist', 'Chemical engineer', 'Geochemist', 'Lexicographer']","[2, 10, 3]",117183.34,Thomas PLC,,,2.56,"Brown, Bowman and Ewing",Asthma,6 times per week,8.0,Truck,2003-03-04,Walmart,313.9,Monthly
Sabrina,Nelson,benjamin48@example.com,(436)799-1129x40535,"8279 Noble Vista
Annettefurt, GU 28887",New Amanda,Nebraska,23444.0,United States Minor Outlying Islands,1930-05-31,676122110338.0,02/29,Diners Club / Carte Blanche,GB35KDXL32763075706692,,2032.95,which,272768177748.0,,yourself,Mcintosh PLC,"Solicitor, Scotland",805-83-2376,RCC 458,https://love.org/,2020-11-02 23:12:46,Attack every can public that candidate light. Find cultural with turn blood. Rich manage book catch which minute age enjoy. Summer action agreement.,,,Asia/Qatar,Food,Trial,Tablet,macOS,Edge,,24.0,"['Collins, Campbell and Boyd', 'Brewer, Rodriguez and Page', 'Edwards-Rivers']","['Community pharmacist', 'Herbalist', 'Paramedic', 'Publishing copy', 'Solicitor, Scotland']","[8, 10, 5, 10, 6]",101053.55,"Gomez, Bell and Reynolds",PhD,2012.0,3.28,Estrada PLC,Asthma,1 times per week,9.0,Electric,2003-03-10,Walmart,234.85,Monthly
Jeanette,Vega,ayalaregina@example.net,001-504-577-0068x5621,"117 Andrew Drives
Port Johnny, ME 29449",Aguilarmouth,Maine,20849.0,Svalbard & Jan Mayen Islands,1918-10-27,,,VISA 16 digit,GB73SOLK30035538755229,DOP,645.33,poor,5365655500066.0,Teal,,"Monroe, Robertson and Francis",Statistician,168-31-3860,JGW 190,https://mccarty-baker.biz/,1999-02-03 03:51:25,Test animal enough southern. Support peace glass Mr my night this none. Likely town unit find.,-45.6334825,-90.380831,,Movies,,Tablet,Android,Edge,4.4.2,40.0,,"['Trading standards officer', 'Engineer, aeronautical']","[5, 1, 7, 3]",63104.98,Vargas and Sons,Master,2008.0,3.87,Jones PLC,Hypertension,3 times per week,8.0,Sedan,2002-10-08,,,Occasionally
Theresa,Jackson,owalls@example.org,7003721781,"2982 Desiree Causeway
West Juliestad, NE 74996",,Massachusetts,98768.0,Vanuatu,1923-10-16,340322347313444.0,10/29,American Express,GB09IVIA91141620628735,BIF,7283.7,option,5836401181407.0,DarkOrchid,region,Bell Ltd,Dance movement psychotherapist,891-27-4671,E 923582,http://www.taylor.com/,2006-12-27 11:28:18,Experience student shake him weight clearly. Service thought culture month treat fine.,-81.7959835,65.786748,Europe/Belgrade,Food,Trial,Tablet,Android,Firefox,6.8.1,80.0,['Brewer-Thompson'],,"[1, 2, 10, 1, 5]",,Villa Ltd,Master,2013.0,3.79,"Pena, Benson and Cantu",Diabetes,5 times per week,7.0,SUV,2022-06-16,Target,180.09,Monthly
Kyle,Anderson,qharrell@example.org,,"53939 Angela Squares
East Joshuaside, TX 23656",,Kentucky,43316.0,French Guiana,2011-05-01,3587016537727753.0,09/26,Maestro,GB63GWFX28717280892006,XAF,2501.9,,5221025470547.0,LightSteelBlue,woman,Best PLC,English as a second language teacher,863-45-6423,SP 73429,http://davis.com/,2013-07-19 18:05:45,Fall from itself man. Indeed use various investment. Dog former common lawyer.,40.835149,120.621958,Africa/Porto-Novo,Technology,Inactive,Desktop,Android,Chrome,21.1.3,40.0,['Johnson Group'],"['Teacher, adult education']","[5, 3]",52959.35,Byrd Group,PhD,2011.0,2.61,"Nash, Williamson and Stephenson",,3 times per week,7.0,SUV,2014-03-17,Target,499.43,
Alex,Brock,davidrobert@example.org,001-867-211-7262,"2197 Sloan Ranch Apt. 803
Rojashaven, MT 18385",Lake Jamesport,Oklahoma,27504.0,Estonia,1916-07-30,180046203943746.0,,Maestro,GB50NNRW02156346859215,HKD,213.3,red,664538399908.0,,still,Harris and Sons,Educational psychologist,463-30-0716,602-HMM,https://williams.com/,2011-09-24 17:49:57,Program hair people and. Group leave course eye. Sign attention provide itself.,-36.146201,85.910696,Africa/Libreville,,Trial,Desktop,iOS,Chrome,72.1.3,15.0,"['Rhodes, Sullivan and Kennedy', 'Moore Inc', 'Gibson, Heath and Garrett']","['IT consultant', 'Editorial assistant']","[5, 7, 9]",35342.01,,Bachelor,2013.0,3.49,,Asthma,4 times per week,7.0,,2005-05-13,,253.87,Monthly
Lisa,Ramsey,billy10@example.org,(888)715-6002,"527 Ruiz Ports
North Daniel, NC 99608",Deanmouth,New Jersey,73619.0,Puerto Rico,2008-07-28,3590294259014966.0,05/27,Diners Club / Carte Blanche,GB11RZYY03733082700365,NZD,4096.75,,9360231837266.0,GreenYellow,actually,"Reyes, Martinez and Hernandez",Barista,009-67-8474,4-14555,http://www.wilson-blake.com/,1979-09-28 15:48:07,Morning foot business environment compare. My get condition write safe. Course general with provide.,55.1768,-135.865145,,Music,Trial,,Android,Firefox,96.0.4,,,['Film/video editor'],[9],30780.34,Anthony LLC,Bachelor,1998.0,2.77,Frost-Garcia,,3 times per week,5.0,Sedan,2003-06-25,Target,238.25,Weekly
David,Wall,daniel66@example.net,(372)852-6425x12796,,Hullmouth,Virginia,,Lesotho,1918-08-13,4172882994183189.0,08/32,JCB 16 digit,GB97GGZL48133835411085,GYD,831.2,standard,1286087010395.0,Moccasin,exist,Collins-Sawyer,Early years teacher,059-17-5540,,https://barron-coleman.biz/,2017-10-14 20:52:23,Federal thousand the animal group sister important. Particular check any tough finish expert. Sit test choice board relate recent house.,-58.709359,-109.140383,,Technology,Inactive,Desktop,Linux,Edge,87.9.8,21.0,"['Gregory, Graham and White']",['Sports therapist'],[10],111738.96,"Stuart, Miles and Hill",Master,2006.0,,"White, Mendez and Miller",Hypertension,6 times per week,8.0,Electric,2017-09-26,Target,,Weekly
Laura,Park,jenniferhill@example.com,622.404.5224,"2388 Shawn Squares
Lake Joyce, ND 59377",Antoniomouth,Arkansas,56538.0,Seychelles,1987-08-15,374050185042192.0,11/27,Discover,GB95UUSY15223488011776,GBP,4599.58,force,,Chocolate,fly,Franco Group,Tourism officer,045-02-8867,25Y 7526,http://williams.com/,2012-02-14 08:55:34,Character meeting smile different officer just character. Road administration evening talk section ability.,-88.8879105,41.828539,Asia/Rangoon,Technology,Trial,Desktop,Android,Firefox,30.3.9,94.0,"['Fisher-Park', 'Myers PLC', 'Graham Ltd', 'Ross, Allen and Ferguson', 'Li-Johnson']","['Designer, furniture']","[9, 7, 7, 3, 9]",60607.63,Parker-Clark,Bachelor,1997.0,3.7,Black and Sons,Hypertension,3 times per week,,Sedan,2015-09-27,Costco,357.46,Weekly
Teresa,Hanson,jean48@example.com,001-782-509-7779x0566,"37264 Michelle Pass
New Richard, CO 85852",Rodneystad,New Hampshire,41360.0,United Arab Emirates,1952-06-09,3517815184937697.0,04/28,Mastercard,GB10LFRD08915042071103,,6389.48,sister,6029501702804.0,Sienna,history,Rice-Carroll,"Investment banker, corporate",,031 EZR,http://moran.com/,2017-11-17 03:30:29,Without least collection put point. Collection protect fight wait.,-69.64056,-102.25674,Asia/Jayapura,Books,Inactive,Mobile,Windows,Edge,74.5.6,,"['Silva, Hess and Payne', 'Brooks-Blevins']",['Technical author'],"[5, 10, 2, 6, 7]",149875.26,"Garcia, Benjamin and Baker",PhD,1990.0,3.52,Russell Inc,Diabetes,6 times per week,,Sedan,2014-02-05,Costco,326.04,Monthly
Norman,Boyle,kimberlyjackson@example.com,543-242-5382,"0497 Stewart Walks
Alvarezville, ME 81474",West Brandonville,,88987.0,Solomon Islands,,676217578571.0,12/29,Diners Club / Carte Blanche,GB21SKAN60279934894375,MDL,4626.6,role,9762881867196.0,Green,even,"Ortiz, Wilson and Kim",,472-79-8849,,https://www.green.com/,1994-05-02 01:35:58,Just able popular red.,-74.7453605,-33.423346,Indian/Maldives,Travel,Trial,Tablet,Windows,Chrome,39.5.4,10.0,"['Holloway-Gonzales', 'Wilson Inc', 'Moyer, Butler and Clark']","['Geographical information systems officer', 'Media buyer']","[8, 7, 9]",70219.3,,Bachelor,1991.0,3.96,Clark-Morris,,2 times per week,10.0,Truck,2019-03-22,Target,191.87,Weekly
Heather,Bates,jasonsmith@example.org,715-273-0264x79125,"61569 Dyer Turnpike Apt. 943
West Joseph, AR 43053",South Robertport,Pennsylvania,51744.0,British Indian Ocean Territory (Chagos Archipelago),1999-01-03,4249585451625431.0,08/25,VISA 16 digit,GB33MEQW85254523351750,KWD,1301.13,network,,FloralWhite,,English-Diaz,Consulting civil engineer,,SWR2401,https://www.brooks-oneill.org/,2012-03-03 23:10:26,Vote parent society up behind bar space. Way arrive usually into. Imagine player financial her value should.,88.7518835,-76.040473,Pacific/Efate,Travel,Active,Desktop,Windows,Chrome,20.9.3,53.0,"['Rojas Ltd', 'Wood and Sons', 'Davis, Leach and Wright', 'Lee-Burton', 'Price, Wiggins and Shepard']",['Location manager'],"[4, 9, 1, 6]",114623.92,Foster-Wong,,1990.0,3.38,"Steele, Keller and Cordova",Asthma,3 times per week,6.0,Truck,,Walmart,403.03,
Brandon,Jackson,kmoss@example.net,595.783.0490x13015,"588 Maria Underpass
North Teresahaven, ID 98681",Tashaview,Louisiana,88825.0,Iraq,2016-03-15,373642521212066.0,09/31,Diners Club / Carte Blanche,GB10DYEO98889590771547,XOF,9527.7,,9221743958194.0,,across,Brown-Mitchell,,453-22-3604,802 GKB,http://smith.com/,,Relationship where move area. Of board follow president rich modern beyond. Argue art take onto thus ability.,58.7195505,86.265752,Africa/Lome,Travel,Trial,Mobile,iOS,Edge,27.8.0,110.0,"['Fletcher, Schultz and Rogers', 'Robles Group']","['Chief Strategy Officer', 'Agricultural engineer', 'Surveyor, building control']",[5],91522.64,,,2008.0,3.73,Reynolds-Morgan,Hypertension,3 times per week,6.0,Electric,2008-03-25,Walmart,158.48,Weekly
Julie,Jones,christine83@example.org,822.343.7535x1851,"15881 Anderson Walks
Port James, NC 32560",Stoneport,New Mexico,86857.0,France,1909-08-20,4.781774440662642e+18,01/26,VISA 13 digit,GB67RBTJ64578680866279,GNF,7832.22,off,1984417694641.0,SlateBlue,act,"Santiago, Davis and Scott","Scientist, research (life sciences)",192-58-9869,034197,http://elliott-campbell.com/,2012-08-10 05:21:28,Land play generation baby prepare explain individual. Per small guess cover. Writer accept stage door true.,22.5486795,29.952145,Europe/Riga,Sports,Active,Tablet,Windows,Edge,75.3.1,83.0,"['Greene, Stevens and Mcguire', 'Wilson-Roberts', 'Baker-Glover', 'Gray-Clark', 'Black, Williams and Powell']","['Contractor', 'Sports therapist']","[2, 3]",33725.4,Garcia and Sons,PhD,2001.0,2.98,Ortiz Group,,,8.0,Sedan,2010-11-05,Target,74.52,Occasionally
Christopher,Soto,laura78@example.net,327.968.9393,"74594 Connie Field
Martinville, DE 42687",New Davidstad,West Virginia,23740.0,,1998-05-02,2293358001589104.0,,American Express,,MDL,7494.49,light,6067661707253.0,Cornsilk,standard,,Ranger/warden,095-36-9753,IUN 109,http://www.randall-martin.com/,1994-06-25 08:48:41,Or magazine base he. National look last language focus. Movement argue cultural you. Perform example person.,-54.237945,-123.733366,Africa/Douala,Music,Active,Desktop,Linux,Firefox,65.3.4,10.0,"['Grimes-Coffey', 'Marquez, Brown and Clarke', 'Howard, Jones and Taylor', 'Hall-Lamb']","['Radio broadcast assistant', 'Water quality scientist', 'Best boy']","[7, 9, 9, 9]",40274.41,Clark LLC,Master,1996.0,3.07,,Asthma,6 times per week,7.0,Electric,2006-11-10,Target,335.66,Occasionally
Brian,Smith,,736.560.8789x1364,"4948 Rose Lakes
Jillside, CT 74516",South Marcchester,Rhode Island,62591.0,Isle of Man,1952-03-17,639057459658.0,10/32,JCB 15 digit,GB47FKCL25917434181460,OMR,3851.72,,9720463796036.0,Linen,appear,Owens Inc,Special educational needs teacher,477-26-5784,419VS,http://www.holmes.biz/,2008-01-08 10:12:03,Action ever tax those collection answer like woman. Pattern realize language notice board too. Detail participant her I month professor.,,130.713277,Africa/Addis_Ababa,Travel,Inactive,Mobile,macOS,Safari,7.4.4,71.0,"['Russell-Ramos', 'Thomas, Williams and Kelly', 'Nichols, Robinson and Booker']","['Child psychotherapist', 'Information systems manager']","[6, 3, 1, 10]",142678.22,Miller-Parker,Master,1993.0,3.75,"Ray, Gonzalez and Navarro",,1 times per week,5.0,Truck,2017-09-11,Costco,459.99,
Charles,Banks,georgefischer@example.org,649.291.2580x95483,"54514 Michael Stream Apt. 960
Hallchester, OK 61452",,Vermont,75591.0,Korea,1982-04-14,5101266923810067.0,12/31,VISA 19 digit,GB64FMAV56838593067803,LTL,2889.82,lot,2933031455427.0,Gainsboro,part,"Perry, Brown and Reyes",,775-73-8155,HZM 366,http://barker.org/,2005-09-18 04:05:53,Message main occur back book. Field five capital white.,51.8052725,,Africa/Cairo,,Trial,,Linux,Edge,17.0.1,48.0,"['Smith-Kramer', 'Williams and Sons', 'Wallace, Austin and Chan']","['Best boy', 'Fisheries officer']","[5, 10, 9, 10, 8]",130858.74,Vasquez-Guerra,Bachelor,,2.53,Forbes Ltd,,6 times per week,6.0,,2003-09-01,Amazon,306.63,Monthly
Victor,Lopez,caseyhamilton@example.com,,"205 Barton Gateway
Samuelhaven, KS 70248",New Sheritown,Indiana,,Romania,1986-10-26,6011276787587716.0,09/29,Mastercard,GB88NUGY11516663570582,,8322.95,financial,9020284569469.0,Khaki,deal,,Jewellery designer,182-04-4434,,http://alexander-wade.com/,1970-07-19 02:30:56,Accept old writer plan where. Congress help cut threat.,77.2157695,104.247381,America/Barbados,Technology,Trial,Desktop,macOS,Firefox,18.9.9,28.0,,"['Hydrologist', 'Engineering geologist', 'Soil scientist']","[4, 10, 10, 9]",47059.0,"Barnett, Contreras and Haynes",Bachelor,2022.0,2.91,"Brown, Patel and Perez",Hypertension,5 times per week,6.0,SUV,2018-05-08,Walmart,,Monthly
Priscilla,Chandler,michelle09@example.com,7542474894,"92647 Cook Locks
Benjaminville, MH 31332",Port Melissaport,Virginia,31664.0,Georgia,1976-04-11,60444993814.0,07/29,VISA 16 digit,,SCR,7190.87,here,3326266178336.0,PaleGreen,again,Walker Group,,097-11-2788,PNT3968,https://hamilton.biz/,1986-12-06 16:29:19,Memory stage garden its. Carry himself source only property TV production statement. Few even oil reveal small admit.,63.20219,100.420032,Asia/Katmandu,Books,Trial,Tablet,Windows,Chrome,54.8.1,100.0,"['James, Ruiz and Garza', 'Silva-Williams']",['Ergonomist'],"[6, 6]",57872.28,Rodgers Inc,Master,2000.0,2.82,"Barrera, Higgins and Nelson",Diabetes,1 times per week,6.0,SUV,2020-11-27,,,Weekly
Jeremy,,,(495)913-3129x6214,"383 James Trail
South Tracey, RI 16553",Bradfordfort,Montana,78776.0,Sri Lanka,1912-09-11,6500786888587546.0,06/26,VISA 16 digit,GB50CPDI98678125164123,QAR,6776.41,maintain,881379024220.0,MidnightBlue,stage,"Mason, Munoz and Hunter",Computer games developer,416-60-2900,498 FUM,http://guzman.com/,2002-03-15 09:45:49,Might camera wind present almost necessary. Herself wife fast feel. Standard ball concern ever treat church vote physical.,-31.854016,,America/Monterrey,Sports,,Tablet,,Chrome,8.0.4,29.0,['Morton PLC'],"['Teacher, English as a foreign language', 'Scientist, clinical (histocompatibility and immunogenetics)', ""Nurse, children's"", 'Clinical embryologist']","[3, 8]",114168.55,Fuller and Sons,Bachelor,2019.0,2.59,"Scott, Smith and Reid",,,6.0,Sedan,2005-02-23,Costco,264.42,Monthly
Joseph,Hess,autumn73@example.net,(903)437-2776x15894,"USNV Hill
FPO AA 72685",North David,Tennessee,91729.0,Gabon,1997-07-20,3558990795879974.0,05/26,VISA 16 digit,GB03DJWY87317615936088,DKK,1764.02,gas,6781587723929.0,Aquamarine,late,"Miller, Russell and Gray","Production designer, theatre/television/film",517-07-9087,BBN4014,https://roberts.org/,2023-08-16 16:29:02,Strong act once. Ten mouth see visit such case.,-18.184958,-90.134256,America/Asuncion,Music,Active,Desktop,iOS,Safari,35.7.9,56.0,"['Wilson-Lewis', 'Brown, Rodriguez and Willis']",['Museum/gallery conservator'],"[9, 9, 4, 9]",70152.43,"Cortez, Williams and Richards",,2012.0,3.82,Landry-Mitchell,Asthma,5 times per week,10.0,Electric,2024-03-20,Target,216.86,Weekly
Emily,Kemp,edrake@example.com,(506)854-6000,"67931 Shepard Extensions
Obrienland, AK 33461",,Hawaii,28948.0,Dominican Republic,1996-04-07,4077521090039.0,11/31,VISA 19 digit,GB38ZAPI18215583899388,KPW,5708.7,need,,DeepSkyBlue,bring,Bernard-Martinez,Electronics engineer,835-07-6693,ASI-953,http://www.johnson.com/,2012-11-23 08:29:27,Eight arm seven interest enter. Over role score throw name have TV environment.,8.1429085,-151.021955,Africa/Bujumbura,Travel,Trial,Mobile,iOS,Chrome,53.3.7,11.0,"['David-Lloyd', 'Parrish-Smith']",['Recruitment consultant'],"[7, 1, 6, 2]",75817.07,Robinson-Jones,Master,1990.0,3.88,,Hypertension,5 times per week,6.0,Electric,2005-12-26,Walmart,74.79,Monthly
Wendy,Harrison,pdyer@example.net,3912576565,"2345 Taylor Passage
West Zacharyborough, MN 69156",South Erinland,Missouri,17285.0,Korea,1998-12-05,,,Maestro,GB23PIVD92075016238878,SCR,7179.33,upon,5616690555864.0,ForestGreen,particular,Turner-Smith,Volunteer coordinator,501-89-5026,0200 FK,http://williams.com/,2000-11-21 12:07:25,Include dog minute heart.,-4.683929,71.118229,,,Active,Mobile,Windows,Chrome,39.8.3,39.0,['Brown-Khan'],['Senior tax professional/tax inspector'],"[7, 2]",145627.57,"Todd, Lopez and Thompson",PhD,1998.0,3.98,"Lyons, Kidd and Dalton",Asthma,2 times per week,,Electric,2004-08-12,Costco,420.54,Weekly
Kathleen,Dawson,kathleen06@example.net,001-213-751-5921x8119,"124 Brian Club Apt. 321
Stevenchester, PA 42575",Sawyerland,Iowa,40113.0,Seychelles,2019-11-09,4710123433070.0,,VISA 16 digit,GB46FPII79638919009902,MNT,,couple,,GoldenRod,society,Smith Ltd,"Surveyor, building control",846-92-5273,,https://phillips.org/,2003-03-25 04:03:27,Staff indeed give organization tax leg. Probably happen after fall.,-82.3809055,-24.528946,Africa/Luanda,Travel,Trial,Tablet,iOS,,44.4.0,27.0,"['Shaw Ltd', 'Calderon, King and Young', 'Dunlap-Hammond', 'Kelly Group', 'Lane-Ware']","['Lecturer, higher education', 'Plant breeder/geneticist']",,76739.04,Snyder Inc,,2023.0,3.5,White-Simmons,Hypertension,3 times per week,8.0,Sedan,2004-05-17,Costco,459.34,Occasionally
Jacqueline,,julie11@example.net,204.464.1890,"2995 Jamie Forks
Chanland, VI 69011",Port Stephanie,New Jersey,21207.0,Kuwait,1991-03-08,342147806367922.0,08/31,Maestro,GB35RZAQ38950218132653,BOB,297.75,issue,3237964524465.0,Navy,edge,Warner Group,,,ZBK 590,https://www.taylor-bender.com/,2008-03-19 05:06:38,Leave interest more she statement lot. Young century again always car strategy television put.,,-66.719515,Asia/Qatar,Food,Active,Desktop,Android,Safari,24.6.3,106.0,['Rose-Martinez'],"['Psychologist, educational', 'Arts administrator', 'International aid/development worker']","[3, 3, 3]",42775.52,Dickerson-Washington,Master,2014.0,,Bryant-Hopkins,Asthma,7 times per week,8.0,Electric,2002-11-06,Amazon,307.61,Occasionally
Matthew,Davis,crystal82@example.org,001-772-573-7026x9285,"93480 Krystal Alley Apt. 655
Lake Tiffanyton, DC 76387",,California,52093.0,Saint Helena,1996-06-20,4470867235120.0,09/25,Maestro,GB70GIWD51525130781213,,6324.99,Congress,3525834832094.0,Lavender,believe,"Knox, Williamson and Campbell",Furniture conservator/restorer,189-75-1646,9NM L08,http://flores.org/,1990-09-22 17:46:19,Church care easy view how response city. List amount between how two its.,-59.0073995,-20.919646,Asia/Baku,Travel,Trial,Tablet,,Chrome,34.1.4,27.0,"['Montoya, Weeks and Padilla', 'Young, Schultz and Martinez', 'Gardner Ltd']","['Educational psychologist', 'Sales executive', 'Psychologist, sport and exercise']",[9],42643.69,,Bachelor,2004.0,2.98,Conway-Smith,,7 times per week,6.0,Truck,2001-04-17,Amazon,240.81,Weekly
Becky,Davila,,2387106234,"251 Kayla Camp Suite 261
Pierceport, CO 56714",South Stevenview,,31160.0,Saint Kitts and Nevis,2016-06-24,180001001436260.0,02/25,Discover,GB67VYHG67167034580180,,7753.58,section,,DarkSeaGreen,so,Ross Ltd,Community development worker,583-54-8573,QHD 353,https://clark-frazier.com/,2000-01-14 23:08:54,Field parent worry after message material raise identify. American cell allow owner available. Others describe catch around many parent know station.,-85.2576705,-179.505303,Asia/Tbilisi,Music,Trial,,Android,Edge,,92.0,['Smith-Herrera'],"['Printmaker', 'Nurse, adult', 'Manufacturing engineer']",,72025.89,"Garcia, Miller and Green",,1991.0,3.95,Vaughn and Sons,Asthma,6 times per week,10.0,Sedan,,Costco,284.02,
Sally,Smith,hayleyolson@example.com,9226146894,"3522 Julia Route Apt. 074
Youngburgh, WI 97536",Buckland,Indiana,78387.0,Congo,1925-09-21,180059785413749.0,01/34,VISA 16 digit,GB58XSNL99563149000973,LYD,7767.11,law,2522846144512.0,CadetBlue,around,Giles-Huffman,Geochemist,525-15-5191,LAU0593,http://brooks.com/,2004-10-16 02:23:01,Each threat bank however. Accept fire ahead perform. Contain go himself condition. Role language believe side it team much miss.,-29.9853265,127.311797,Europe/Tallinn,Travel,Inactive,Mobile,iOS,Edge,12.3.8,41.0,,,[1],33566.84,"Smith, Dillon and Jones",Master,1995.0,3.6,"Wong, Mccall and Avila",Hypertension,3 times per week,7.0,Electric,2000-03-10,Target,268.14,Occasionally
Harry,Armstrong,andrew41@example.org,934.430.7431x685,"49627 Kramer Run Suite 532
Sharonmouth, WY 92339",South Davidfort,South Carolina,2623.0,Palestinian Territory,1988-03-30,345229201854246.0,04/25,VISA 16 digit,GB57BWFL74001740635407,ERN,,significant,2372517526532.0,Salmon,deep,"Miller, Williams and Perez",Research scientist (life sciences),458-30-2263,JQV-8929,http://www.pena-johnson.net/,2020-02-19 23:26:17,,34.078936,16.022753,Asia/Seoul,Movies,Inactive,Mobile,iOS,Firefox,61.7.0,53.0,"['Richardson PLC', 'Smith Ltd', 'Yates Group', 'Payne and Sons']","['Mudlogger', 'Product designer', 'Journalist, newspaper', 'Bookseller', 'Chief Financial Officer']","[4, 4, 3]",108934.86,"Mitchell, Moore and Mitchell",Bachelor,2013.0,2.53,Stone PLC,Diabetes,2 times per week,10.0,SUV,2004-04-06,Walmart,182.95,Monthly
Tony,Humphrey,jwalker@example.org,5477856365,"13139 Miller Shoals Suite 434
Thomasshire, TN 13950",North Jacqueline,West Virginia,12480.0,French Guiana,1945-05-03,6011102149240044.0,03/25,Maestro,GB02UTKF08252300466652,BRL,1256.75,serve,37772601883.0,MediumVioletRed,majority,"Roach, Hill and Evans",Trade union research officer,,EJK-4460,http://scott.com/,2019-10-12 02:11:17,Seem but table on.,,-177.686298,Asia/Aden,Technology,Trial,Tablet,macOS,Firefox,59.6.0,24.0,"['Ward, Coleman and Hernandez', 'Booth, Patterson and Green', 'Frank-Curtis', 'Taylor and Sons']","['Engineer, energy', 'Midwife', 'Investment banker, corporate']","[9, 4, 2]",56175.02,"Wilson, Wilson and Jarvis",Bachelor,1991.0,3.86,Robertson-Evans,,2 times per week,10.0,Electric,,Walmart,255.79,Monthly
Steven,Williams,kelleymatthew@example.org,+1-472-488-1380x026,"PSC 5900, Box 0546
APO AP 45679",Martinstad,Nevada,37737.0,Nepal,1954-10-21,4761635832457.0,09/28,Discover,GB89ICEX71481172734796,FKP,,huge,1806396968714.0,Fuchsia,,,Environmental education officer,488-49-1276,GJE 295,http://www.vargas-torres.com/,2002-02-16 21:51:23,Operation somebody white within appear ever nice. City weight under interest.,-7.239625,-82.369701,America/Bogota,Music,Inactive,Tablet,,Safari,40.8.9,4.0,"['Patterson, Henson and Lynch', 'Alexander-Henry']",,[5],,Hunter Ltd,Master,1997.0,2.96,Johnston-Bowman,Hypertension,,9.0,SUV,,Walmart,106.04,Monthly
Taylor,Hernandez,michaelsilva@example.org,853.540.1302x333,,West Jeremyville,Arizona,25872.0,Turkey,,344441238268446.0,07/31,,GB05BABJ47840262077596,HRK,9008.9,view,2164436707051.0,Cyan,dog,"Coleman, Wall and Case",Financial adviser,711-40-3826,355 8876,https://www.young.com/,1988-02-29 23:30:58,Fly example house report. Doctor measure investment late tend discover. Forward law lot cut most above movie.,46.3400755,-123.846495,Asia/Thimphu,Books,Trial,Desktop,Android,Edge,51.7.1,44.0,"['Banks, Keller and Mitchell', 'Mcdaniel-Ho', 'Diaz, Carpenter and Collins', 'Lopez PLC']",,[5],,Cook-Moore,Master,2003.0,3.95,Miller-Boyle,Asthma,7 times per week,,Sedan,,Target,,Occasionally
John,Garcia,cmueller@example.org,671.873.1381,"877 Robert Forges
Websterborough, IN 97924",East Donaldview,New Mexico,,Namibia,1955-09-11,586945892352.0,,JCB 16 digit,GB86TLBN49292672446397,BAM,7055.11,get,3608489737478.0,Maroon,yourself,"Short, Pope and Montes",Careers adviser,279-08-2254,,https://www.miller-lewis.com/,2020-09-15 04:05:56,Friend bag more. Box guy program describe history. Remember tough produce top camera fine.,11.491923,-88.39266,America/Dominica,Music,Active,Tablet,Windows,Firefox,68.9.0,19.0,"['Jackson, Dixon and Chapman']","['Physiological scientist', 'Teaching laboratory technician', 'Colour technologist', 'Conference centre manager', 'Marketing executive']","[8, 5, 10]",70053.06,Stone Ltd,PhD,2023.0,2.6,Martinez and Sons,Hypertension,3 times per week,5.0,Truck,2022-11-16,Walmart,195.98,Monthly
Curtis,Solis,joseph80@example.com,+1-782-314-0139x2071,"61486 Graham Vista Suite 555
Ellisonside, TX 28679",Lake Mary,,57069.0,Korea,1975-03-01,,,JCB 16 digit,GB57NGUH45427845214102,IQD,9766.01,,8200201075001.0,LightSeaGreen,example,"Hughes, Martin and Paul",Health and safety adviser,,OFZ-374,https://conley.com/,2008-09-07 12:33:48,Speak plant American like million. Better serve war bar. Money individual house blue natural.,-87.9520955,-168.084197,Africa/Bangui,Music,Active,Mobile,iOS,Edge,22.3.0,81.0,,"['Psychotherapist, child', 'Exhibitions officer, museum/gallery', 'Occupational hygienist']","[4, 2, 6, 8, 8]",68849.25,Ramirez-Holt,Master,2024.0,2.51,Adkins PLC,Diabetes,2 times per week,8.0,Truck,2017-02-26,Amazon,464.75,Occasionally
William,Washington,dannyparker@example.net,5478590033,"Unit 8806 Box 2871
DPO AA 82447",Riosborough,Alaska,3294.0,Bermuda,1934-07-31,213180801889208.0,,JCB 16 digit,GB05OFPQ46336311749844,NPR,8614.06,choice,6493264742009.0,Indigo,woman,Martinez Inc,Quarry manager,770-75-3158,9WP29,,2021-06-01 01:54:03,Wide article Democrat director population. With shake life artist little focus bad. Receive lot foreign stock different industry.,,129.567181,America/Nassau,Movies,Active,Desktop,Android,Safari,82.9.5,15.0,"['Newman, Bond and Jones', 'Kirby, Williamson and Trujillo', 'Nguyen, Pratt and Brown', 'Williams-Clayton']","['Media buyer', 'Hospital doctor', 'Production assistant, television', 'Public librarian', 'Counselling psychologist']","[2, 6, 1, 7, 6]",108472.69,Johnson Group,Master,,3.06,,Diabetes,1 times per week,10.0,Truck,2008-04-19,,,
Paul,,davismatthew@example.org,510-899-3710,"62542 Matthews Ridges Apt. 733
West Daniel, IA 99908",East Terry,New Hampshire,99679.0,Papua New Guinea,2016-01-18,3500331465411476.0,06/29,,GB04CLPH17155392666276,ISK,2629.65,,,HotPink,give,Walton Inc,Medical technical officer,337-01-6144,2-N2714,http://www.fisher.com/,1976-10-10 02:16:03,Interesting party mother show particular you song. Truth bit force early at.,-8.078794,91.64458,Africa/Monrovia,Food,Active,Tablet,Android,,99.4.7,51.0,"['Ray-Jones', 'Brady Group', 'Meyer LLC']","['Health physicist', 'Minerals surveyor', 'Financial manager']","[6, 9]",77752.64,"Miller, Mitchell and Smith",Bachelor,2011.0,2.83,,,6 times per week,7.0,Truck,2009-08-12,Amazon,462.8,Weekly
Jason,Wood,sparksholly@example.net,(878)515-8948,"Unit 5758 Box 1481
DPO AA 04824",Port Christineburgh,Nevada,49219.0,Comoros,1947-03-31,180078342675277.0,02/28,JCB 16 digit,GB65XWNP75591424205532,PHP,2433.33,,126930202144.0,YellowGreen,until,"Grant, Benson and Morrison","Teacher, English as a foreign language",578-22-0926,771 CIY,https://www.molina.biz/,2003-01-04 13:34:02,Before outside low. Hour site price would season page Mrs. Car four per property require two.,-43.4549245,-153.389685,Africa/Porto-Novo,Food,Inactive,Mobile,iOS,Chrome,11.8.8,27.0,['Smith-Ramirez'],['Purchasing manager'],[10],123709.21,Barrett-Greer,,2002.0,3.16,Cobb Inc,Diabetes,7 times per week,6.0,Sedan,2006-08-04,Target,417.21,
Daniel,Coleman,christophergonzales@example.com,001-700-527-2803x7551,"40887 Heather Burgs
Lake Andrewport, MO 96762",Gregoryton,Minnesota,98252.0,Guinea,1920-03-17,6011446436356694.0,05/27,Diners Club / Carte Blanche,GB12RFAW29172791843487,KPW,763.35,allow,,Yellow,whose,"Schroeder, Martinez and Berry",Biomedical scientist,590-84-4928,LGY-416,https://webb-hughes.info/,1999-04-04 20:05:27,Including soon city of on. News significant us alone do. But board every glass third book today.,48.0368705,-175.861764,,Music,Trial,Desktop,Windows,Firefox,28.9.3,111.0,"['Francis, Pope and Cameron', 'Goodman, Woods and Olson', 'Rodriguez, Davis and Cline', 'Mercado-Banks', 'Kelley, Campbell and Sandoval']",,[5],130923.12,"Allen, Turner and Tucker",Bachelor,1997.0,3.35,Harris and Sons,,3 times per week,6.0,Sedan,2023-10-17,Amazon,458.05,
Gary,Edwards,nicoleprice@example.org,(377)283-9902,"PSC 7510, Box 1298
APO AE 21519",Lake Michael,Ohio,97387.0,Ethiopia,1966-06-08,379576582720530.0,12/27,American Express,,RUB,2564.16,rise,8618924851732.0,LimeGreen,above,Hicks and Sons,Building control surveyor,726-04-4869,28DM574,http://jones.com/,1972-06-26 18:09:23,Economic policy property feeling change why. Boy tax serve responsibility scientist huge.,1.7492325,-128.394404,Africa/Bamako,,Inactive,Tablet,Linux,Edge,83.7.5,73.0,"['Wilson-Benson', 'Mcclain Inc', 'Williams-Tucker', 'Middleton-Bradley']",['Civil Service fast streamer'],"[5, 7, 5, 4]",85134.12,"Williams, Burnett and Snyder",Master,2014.0,3.51,Santos Group,,3 times per week,,,2006-11-21,Amazon,462.35,Weekly
Michele,Boyd,christopher45@example.org,001-665-310-7031,,,West Virginia,21103.0,Netherlands Antilles,1909-08-22,3566038172377061.0,12/26,VISA 19 digit,GB74GSMG11163401583906,AZN,9721.85,,1217539241654.0,LightSteelBlue,rather,Valentine-Kelley,,704-31-3116,,https://ortiz-conner.com/,1996-09-24 06:47:30,Work southern sometimes bill both. Expect affect himself. Whatever no century behind successful of why.,-34.9399225,-47.220017,Africa/Bissau,Travel,Inactive,Mobile,macOS,Edge,3.2.4,,"['Davis Ltd', 'Parsons and Sons', 'Gates-Ryan', 'Moon, Acosta and Espinoza']",['Administrator'],"[8, 10, 8, 9, 10]",30621.76,Price-Watkins,Master,2019.0,3.4,Mayer-Morrow,,5 times per week,9.0,Sedan,2000-03-30,Amazon,290.81,Weekly
Traci,Ross,gbarnes@example.net,610.273.8488x629,"PSC 7834, Box 4538
APO AA 72355",Susanton,Ohio,70063.0,Norway,1986-10-21,2621387770606909.0,08/34,JCB 16 digit,GB34VDAH07430268802691,UZS,9347.36,military,363555384613.0,GhostWhite,back,Johnson LLC,Event organiser,156-43-3666,735 QGV,http://www.clements-alexander.com/,1979-11-13 09:08:28,Party major number blue third. Executive picture single per name available.,18.807108,163.801151,Europe/Podgorica,Travel,Active,Tablet,iOS,Firefox,81.6.7,94.0,['Bailey LLC'],"['Teacher, English as a foreign language', 'Tax inspector']","[10, 7, 8]",124175.12,Soto-Mcconnell,Bachelor,,,Jordan LLC,,,,Truck,2022-06-15,Costco,62.31,Weekly
Cheryl,,megansanchez@example.org,,"17357 Lee Club
New Lauramouth, KS 57259",New Russell,Pennsylvania,85582.0,Dominica,1990-07-11,213193880974585.0,09/28,VISA 16 digit,,COP,,head,3433330150584.0,DarkOrchid,structure,Stanley-Robertson,Community pharmacist,,K44 4BB,https://www.mcintyre-krueger.com/,1995-11-26 23:44:21,Fill TV really not edge next. Understand attention purpose issue. Commercial brother dinner grow find need scene.,0.9579305,-107.224634,Africa/Algiers,Books,Active,Mobile,Android,Chrome,9.2.0,,"['Dodson-Peterson', 'Bryant-Harris', 'Kim-Li']","['Designer, multimedia']","[10, 10, 8, 7, 7]",85630.49,"Cummings, Watson and Moore",PhD,1990.0,3.68,Ferguson-Powell,Hypertension,4 times per week,10.0,Electric,2022-01-04,Costco,353.15,Weekly
Larry,Duncan,rodriguezrachel@example.com,,"91650 Kathryn Circle
East Karenshire, SD 29618",Gutierrezshire,,71369.0,Tajikistan,,30108768591716.0,07/33,Discover,GB80DBAI56018880456993,PAB,7035.1,evidence,9265048692629.0,PaleVioletRed,finally,,Cartographer,543-08-0128,538C,,2003-09-23 15:53:48,Different deal buy three. Past why area effort. Career Mrs ball much always already happen.,45.3395425,40.613431,Africa/Niamey,Movies,Trial,Mobile,Linux,Chrome,76.5.1,95.0,"['Gonzalez, Holland and Galloway', 'Pierce, Jones and Collins']","['Copywriter, advertising']","[7, 7, 2, 4]",97459.94,Mendoza PLC,Bachelor,2015.0,,Silva-Nichols,Asthma,5 times per week,8.0,Electric,2005-06-13,Walmart,171.49,Weekly
Carla,Mccormick,robertsondavid@example.org,805-818-2983,"2521 Anderson Pines
Lake Kaitlyntown, WA 21565",,North Dakota,36967.0,Canada,1943-08-24,341917434729771.0,07/25,Mastercard,GB68ZWCO67135877721221,,,physical,,DarkOrchid,group,Rice-Hill,"Psychologist, sport and exercise",870-16-3669,HTV 830,https://lewis.biz/,2004-09-14 08:07:14,Cover writer give doctor each suggest. Also assume continue agree crime moment. Onto economy raise capital magazine.,21.5686335,132.692096,Europe/Luxembourg,Movies,Trial,Desktop,Android,Chrome,14.9.2,106.0,"['Vasquez, Lawson and Ponce', 'Savage-Austin', 'Mills-Sanders', 'Hall Inc']",,"[7, 4, 3, 4]",76370.0,Andersen-Brooks,PhD,2016.0,3.03,Cummings-Cox,Hypertension,2 times per week,8.0,Sedan,,Amazon,403.38,Weekly
Pamela,Schultz,,(964)567-8797x67566,"953 Sean Points Apt. 152
Perezberg, WY 34451",Lisaport,Texas,32976.0,Malawi,1937-05-20,213196735900267.0,03/27,Diners Club / Carte Blanche,GB69XFCT90525534059885,KYD,9582.23,Democrat,2375674435860.0,Tomato,necessary,Tran-Garner,Ecologist,280-07-2456,UNO6548,https://www.ellison-thompson.biz/,1977-09-25 07:16:37,Floor many five officer firm create. Thought both north.,-3.8394045,83.93011,Europe/Belgrade,Music,Active,Desktop,,Chrome,66.0.3,66.0,['Simpson Ltd'],"['Animal nutritionist', 'Teacher, secondary school']",,87076.83,Garcia PLC,PhD,,3.33,"Williamson, Johnson and Miller",,6 times per week,7.0,Truck,,Walmart,309.78,
David,Hernandez,jacob99@example.org,,"24257 Allen Mission Suite 043
New Teresastad, IN 24404",Christopherburgh,Pennsylvania,84928.0,Uruguay,1989-10-02,5418193638511988.0,09/30,JCB 15 digit,GB45KTNS63701107951411,DKK,2050.45,recognize,,IndianRed,sea,Lee and Sons,"Engineer, manufacturing",081-31-2587,184 7522,http://holland-phillips.com/,1985-07-04 14:24:34,Adult later manage president. Buy have couple environment.,-47.52956,117.280558,Asia/Riyadh,Movies,Inactive,Mobile,Linux,Edge,70.5.8,113.0,['Holder-Owens'],"['Housing manager/officer', 'Ambulance person', 'Nutritional therapist', 'Marketing executive', 'Air broker']",[5],65096.13,Ho-Harris,PhD,1995.0,2.93,"Cole, Jones and Conner",Diabetes,7 times per week,7.0,Truck,2012-12-09,Amazon,430.5,Weekly
Kyle,Jackson,kboyd@example.net,226.404.2844,"284 Cody Skyway
Jamesview, NC 29130",Port Jamieborough,California,30594.0,Vanuatu,1990-09-13,372867942988892.0,11/29,JCB 15 digit,GB58YMQI14760593840474,IRR,3399.45,help,588271023657.0,LawnGreen,fill,Morris Inc,Horticultural therapist,211-93-8373,309 QYD,http://schaefer.com/,2007-07-26 16:35:04,Hear work instead herself someone employee tend rate. Event traditional cold begin behavior they long.,31.677071,-21.59448,Africa/Khartoum,Technology,Inactive,Desktop,Windows,Firefox,10.8.1,95.0,"['Taylor and Sons', 'Koch and Sons', 'Walter-Dominguez', 'Braun Ltd', 'Potts-Harris']","['Police officer', 'Energy manager', 'Dealer', 'English as a foreign language teacher']","[8, 2]",61347.72,Bradley-Freeman,PhD,2015.0,2.53,Rogers Group,Diabetes,,8.0,Sedan,2000-10-18,Walmart,326.02,
Cassandra,Daniel,christopherstewart@example.com,(411)465-5450x342,"84106 Peter Oval
Lake Donald, PW 15317",Lake David,,80128.0,Uganda,1921-11-08,4.991346287452642e+18,,VISA 16 digit,GB21QYLV71586470252733,BMD,3184.42,car,7615315233987.0,Maroon,recent,Dalton-Lawrence,,517-85-4423,ATV 924,http://www.gonzales-rodriguez.info/,2006-01-29 07:53:08,Partner national probably thank fish somebody dinner. Yeah certain return suddenly wish loss. Ability no affect catch.,-60.635884,-150.492686,Europe/Vaduz,Sports,Trial,Tablet,Linux,Chrome,,36.0,"['Lee, Brown and Williams', 'Dennis LLC', 'Downs-Lynn']",['Water quality scientist'],,,"Rollins, Kemp and Clark",PhD,2020.0,3.22,,Asthma,1 times per week,10.0,Sedan,2015-03-04,Target,,Occasionally
Cheryl,Hill,dmckenzie@example.net,903-400-7678,"42712 Patterson Rest Suite 575
North Katrinabury, FL 49759",Jesseside,Minnesota,94695.0,French Guiana,1993-07-25,213186814112983.0,07/33,Mastercard,GB59DTPW00006921626724,DOP,2389.18,certainly,1522178900726.0,Chocolate,lot,Brennan-Castillo,Barrister's clerk,335-07-5476,45P F50,http://johnson-booth.com/,,Want east news third radio. Really receive list away become front. Best reason effect.,-74.2535495,122.83609,Africa/Tripoli,Technology,Active,Desktop,iOS,Chrome,43.9.9,82.0,"['Murphy PLC', 'Cooper PLC', 'Harvey-Green', 'Thomas LLC']",['Proofreader'],[7],,Brown-Harper,,2003.0,3.96,Butler and Sons,,1 times per week,7.0,Truck,2001-05-26,Costco,67.74,Occasionally
Frederick,Hanson,tony93@example.net,(216)352-7925x49039,,North Pamela,New Hampshire,59249.0,Croatia,1939-06-05,4.903498572923885e+18,01/27,JCB 15 digit,GB15LYJN89128236796701,SHP,2054.0,benefit,3129935787156.0,SlateGray,morning,"Jones, Valdez and Thomas",Science writer,267-19-1758,1YIZ 70,https://martin.com/,1985-08-05 12:07:01,Imagine responsibility ability trouble like. Week child against skill then hot. Already current away consider box movement certain.,35.532639,-58.36473,,Music,,Tablet,Android,Safari,2.2.8,48.0,"['Jones, Alexander and Campbell']","['Production engineer', 'Medical sales representative', 'Programmer, multimedia']","[5, 4, 1, 4]",102665.62,Johnson-Wilson,PhD,2007.0,3.93,Woods and Sons,Asthma,4 times per week,7.0,,2010-08-13,Amazon,188.03,Weekly
Elizabeth,Browning,taylorjason@example.com,(383)591-1003,"941 Lee Isle
Jacksonport, FL 10303",Allentown,Louisiana,65857.0,,1927-02-25,180018109855944.0,09/26,VISA 16 digit,GB79WAQL67273623934953,YER,8816.56,Mrs,165563293730.0,Cyan,,Randall and Sons,Prison officer,100-56-7073,HLL 456,https://gonzalez.com/,,Property against bed protect none. Spring hold base half those fear free. Amount chair measure weight. Raise language common.,15.7666185,2.721704,America/Lima,Sports,Active,Tablet,macOS,Chrome,47.3.2,29.0,"['Norton and Sons', 'Green, Martinez and Hall', 'Ramos LLC', 'Robinson and Sons', 'Lee Group']","['Animator', 'Further education lecturer', 'Structural engineer', 'Producer, radio']","[1, 3]",147323.08,Parker-Martin,PhD,2006.0,2.64,Martin LLC,Hypertension,3 times per week,5.0,,2012-10-30,Costco,258.66,Occasionally
Chase,Price,kperez@example.net,,"237 Fields Row Apt. 824
South Heather, WI 35259",West Nathanielville,Rhode Island,5308.0,Paraguay,1960-11-17,5110121079762563.0,12/25,Mastercard,GB66PXFF69060528507567,KHR,5097.25,pay,2478156225048.0,Cyan,area,"Haley, Herrera and Farmer","Doctor, hospital",735-24-1537,,http://estrada-martin.org/,1986-10-12 15:31:15,,-48.475657,111.191726,Asia/Manila,Music,Trial,Desktop,macOS,Edge,61.8.7,41.0,['Peters and Sons'],"['Wellsite geologist', 'Seismic interpreter', 'Conservation officer, historic buildings', 'Multimedia specialist']","[6, 2, 3]",117446.74,Wang-Martin,Bachelor,2008.0,2.81,Fisher Group,,4 times per week,9.0,,2024-02-18,,214.22,Occasionally
Danielle,Johnson,rachael78@example.net,001-668-284-0181x960,"50479 Novak Road
Port Melissaview, NE 69475",Crawfordchester,North Carolina,,Cuba,,30559295301906.0,12/30,VISA 16 digit,GB17LRXR46777081609854,LSL,2995.47,key,42475393997.0,Brown,add,"Mccormick, Grant and Daniels",,464-54-9078,QVZ-326,,2021-02-07 20:29:57,Return forward major war while. Church enough machine foot issue prevent teacher.,-56.4151625,123.302436,Asia/Taipei,Travel,,Tablet,macOS,Firefox,21.3.7,1.0,"['Rivera-Sloan', 'Branch, Martinez and Phillips', 'Torres, Jackson and Doyle', 'Harris LLC', 'Frank, Hernandez and Carr']","['Administrator, Civil Service']","[8, 7, 9]",116907.72,"George, Johnson and Smith",PhD,2022.0,,"Graham, Brock and Griffin",Asthma,5 times per week,,Truck,2017-12-27,Costco,256.61,Monthly
Robert,Reed,charrison@example.org,307-361-4487,"751 Jeffrey Mission Apt. 773
North Bobbyton, AS 10589",Gonzalesmouth,Arizona,61679.0,Sudan,2022-07-06,6526125316640223.0,01/30,Discover,GB53SBFA53292333189434,,,chair,8006738139403.0,Cornsilk,population,Dennis-Dominguez,Neurosurgeon,899-51-8516,9-00506L,http://riley.com/,2012-08-30 07:40:13,Approach popular make commercial. Include less professional concern little population.,14.8439675,-178.429192,Europe/Tallinn,Music,Trial,,Android,,81.7.8,5.0,"['Dixon Group', 'Moore Inc']","['Psychologist, counselling']","[8, 5, 8]",53728.6,"Blair, Morgan and Juarez",PhD,1997.0,3.0,,Hypertension,2 times per week,9.0,SUV,2011-09-29,Walmart,472.72,Weekly
Christopher,Smith,nathan51@example.net,565.974.1956x20951,"USNS Wong
FPO AA 92304",North Kathleenview,Texas,96845.0,Sao Tome and Principe,1928-06-25,3535249140016479.0,02/31,Maestro,GB47HLWT15050212558331,BIF,3577.49,personal,9952093305634.0,Violet,performance,Simmons LLC,"Editor, commissioning",685-25-1603,K73-FJJ,https://vasquez.com/,1973-11-22 17:51:25,Will owner hour identify enter strong top evening.,-79.392385,-59.274327,Europe/Luxembourg,Technology,Inactive,Tablet,macOS,Safari,79.0.3,100.0,,,,91011.59,,Master,,2.71,Stephens PLC,Diabetes,7 times per week,8.0,Truck,,Costco,207.47,Occasionally
Beth,Brown,smithkenneth@example.com,001-809-868-8192x278,"00902 Cook Curve Apt. 114
Ginaview, KY 47302",New Melissa,,,Qatar,,6011151181082806.0,01/35,JCB 16 digit,GB27NYZY96199231556425,,3413.3,way,4137323083550.0,Teal,their,Roberson Ltd,Ambulance person,663-51-2029,2-0620C,https://www.douglas.com/,1996-04-01 17:53:14,,41.508669,-86.472824,,Travel,Trial,Mobile,,Safari,3.0.6,14.0,"['Miller-Davis', 'Sharp, Taylor and Brown']","['Engineer, petroleum', 'Clinical psychologist']","[2, 8, 10]",96765.55,"Hopkins, Gonzalez and Lee",Bachelor,1995.0,2.97,,Hypertension,4 times per week,6.0,Sedan,2001-10-30,Walmart,463.26,
Nicole,Woods,nbaird@example.com,+1-995-858-8603x963,,Heatherton,South Dakota,96099.0,Libyan Arab Jamahiriya,1991-12-22,372828844325427.0,,JCB 15 digit,GB11JPUM82636285563118,SLL,1065.09,travel,7002195718404.0,Magenta,these,Baker LLC,Conference centre manager,,32R 7401,https://cook.biz/,1999-01-01 22:08:32,After news actually think possible against. Goal party son million well low. Effort wife same because risk light.,-12.9933825,-166.810834,Europe/Minsk,Music,Active,Mobile,macOS,Safari,11.9.8,54.0,"['Zamora PLC', 'Moran Ltd', 'Turner Ltd', 'Wells PLC', 'White, Davis and Blevins']",,"[6, 1, 9, 4]",32880.12,Moore Group,PhD,2023.0,2.53,Potts and Sons,Asthma,4 times per week,9.0,Truck,2018-02-07,,468.22,Weekly
Erin,Sutton,,465.631.4156,"26023 Thomas Ford
Ericstad, VI 96263",Jeffreymouth,Hawaii,,Chile,1982-06-19,4.851188183288214e+18,11/26,JCB 16 digit,GB02OVRK37600448090423,XCD,,large,7492494387171.0,LightGray,more,Bradley-Scott,"Surveyor, building control",675-95-1924,2A 39466,https://www.burke.info/,2012-11-22 06:16:18,Church way game success foreign realize. Large sort agent long.,23.300837,26.352028,America/La_Paz,Movies,,Tablet,Windows,Chrome,60.7.1,70.0,"['Bailey-Burgess', 'Williams LLC', 'Lewis, Carroll and Palmer', 'Ellis, Schmitt and Velazquez']","['Research scientist (physical sciences)', 'Horticulturist, commercial']","[2, 10, 3, 3, 1]",83800.65,Hutchinson-Stout,Bachelor,2023.0,3.56,Webb-Dillon,Hypertension,6 times per week,9.0,Sedan,,Target,80.57,Weekly
Stacy,Green,stephen95@example.org,001-275-828-2573x6483,,West Robertton,Colorado,87819.0,Greenland,2023-12-23,6500502587585230.0,10/27,American Express,,DJF,7029.88,individual,7915134691044.0,YellowGreen,west,Hodges-English,"Designer, graphic",419-98-7449,814 LFN,https://www.woods.biz/,2024-06-29 14:49:36,,-27.32425,68.53811,Africa/Khartoum,Music,Trial,Tablet,Android,Chrome,,7.0,"['Vasquez and Sons', 'Owens-Thomas']","['Emergency planning/management officer', 'Magazine features editor', 'Forest/woodland manager', 'Investment analyst', 'Marketing executive']","[5, 8, 6, 6]",46324.96,Calhoun and Sons,,2007.0,3.05,Bruce LLC,Hypertension,7 times per week,7.0,Sedan,2022-07-03,Target,483.39,Weekly
Julie,,richardbryant@example.com,,"25108 Wolfe Forge Suite 333
Reillytown, AK 50880",Langfurt,,85737.0,Bahamas,1925-01-04,,,JCB 16 digit,GB30YGOM73376435642299,CZK,785.74,risk,2954218973251.0,DarkTurquoise,shoulder,"Bell, Moss and Lynch","Scientist, audiological",,821-330,https://www.rosario.com/,1988-12-27 22:09:40,Present do operation impact form. Can professor stay billion easy child draw already.,56.5070825,-20.862568,America/Bogota,Food,Trial,Mobile,Android,Chrome,20.6.6,59.0,"['Newton-Watkins', 'Miller, Davila and Williams', 'Evans-Hansen']","['Clinical scientist, histocompatibility and immunogenetics', 'Teacher, English as a foreign language', 'Administrator, sports', 'Education officer, community', 'Mechanical engineer']","[6, 6, 1]",135379.66,"Romero, Ward and Smith",PhD,1999.0,,Lee Group,Hypertension,3 times per week,6.0,Electric,2010-04-07,Amazon,,Weekly
Denise,Peterson,vvelazquez@example.org,(770)512-2442x325,"083 Huff Extensions
Harrisonborough, GU 59145",,Delaware,68133.0,Saint Lucia,,6551123782072870.0,04/27,Maestro,GB70HFGT05574595514617,XOF,7684.32,push,5956110289536.0,Bisque,base,"Garcia, Parker and Cruz",,489-08-3863,565W,http://www.joyce.org/,1979-02-27 21:34:32,Option enough specific support road.,-30.1417375,171.638106,Europe/Ljubljana,Technology,Inactive,Mobile,Windows,Chrome,39.8.4,82.0,"['Lewis, Clark and Jensen', 'Montoya-Montoya', 'Miller Ltd']","['Mining engineer', 'Land', 'Landscape architect', 'Hospital doctor']","[5, 10, 9, 9]",96415.99,"Rivers, Soto and Smith",Bachelor,2019.0,3.56,"Henderson, Edwards and Sosa",Diabetes,6 times per week,5.0,Electric,2007-11-13,Target,74.17,Weekly
Charlotte,Alvarez,ltyler@example.com,001-367-450-9887x58541,"452 Wolfe Canyon
Sheaview, IA 91399",Mendezhaven,Hawaii,71882.0,Gabon,2020-10-12,4731538376001308.0,02/28,Diners Club / Carte Blanche,,JPY,7713.53,quality,3462444430985.0,Snow,billion,Macias Ltd,Local government officer,,,https://www.thomas-hurley.com/,1985-09-24 05:02:59,Care night agency cover sister often. Never high wear window since successful.,77.3314505,51.803374,Europe/Warsaw,Technology,Active,Mobile,,Safari,15.0.4,76.0,"['Johnston Inc', 'Williams, Sanchez and Hill', 'Lucero-Jones', 'Wilson Group']","['Naval architect', 'Psychotherapist, dance movement', 'Colour technologist']","[10, 10, 6, 3, 3]",46627.64,"Perry, Green and Lopez",Bachelor,1992.0,3.45,Mitchell PLC,Asthma,3 times per week,8.0,Truck,2019-10-13,Amazon,433.76,Monthly
Kenneth,Mullins,sotojacob@example.net,887.511.6071x05242,"916 Christopher Rapid
New Jackmouth, FL 11423",Lake Scottstad,Montana,12953.0,Gibraltar,1955-08-11,,01/29,JCB 15 digit,GB64STGH79128472170264,FKP,1489.68,our,6553678785426.0,DarkSalmon,others,,Further education lecturer,160-47-3078,LMA 063,http://medina.com/,2021-01-29 19:32:41,Contain trip bank produce push. Born enter live wish she dog. Figure wide until organization baby job.,-48.7058955,76.363523,Europe/Vienna,Technology,Trial,Tablet,iOS,Chrome,,106.0,['Silva-Jackson'],"['Information officer', 'Herpetologist', 'Financial controller', 'Programmer, applications', 'Exhibition designer']","[4, 5]",92076.91,Wright-Rodriguez,PhD,2014.0,3.34,Martin-Powell,Diabetes,7 times per week,7.0,Truck,2014-09-14,Target,258.86,Occasionally
Robert,Davis,,(410)567-6859,"795 Martinez Squares Suite 502
Port Andrewview, OK 72966",Davidside,Kansas,,,1972-08-15,4730834535613286.0,07/34,,GB54NSCN70202818795740,HRK,7254.58,parent,,,reach,"Rivera, Burgess and Bowen","Psychologist, prison and probation services",155-06-3697,,,2011-08-04 02:59:21,Room blue media network. Fall order record type.,79.246843,-169.567468,Asia/Tokyo,Movies,Active,Desktop,Android,,52.1.7,,"['Oconnor, Oconnor and Flynn', 'Andrade, Smith and Hall', 'Martin-Murray']","['Arboriculturist', 'Museum/gallery exhibitions officer', 'Statistician']",[8],,"Freeman, Ramirez and Johnson",Bachelor,2022.0,2.88,,,4 times per week,10.0,,,Walmart,304.52,Occasionally
Brandon,Lopez,barbarabrooks@example.com,936.397.4499x55594,"863 Berry Lights Apt. 255
New Jennaview, DE 81184",New Rhonda,Vermont,7759.0,,1922-09-22,3537863268689962.0,07/29,JCB 16 digit,GB19MHKX17381419899375,YER,8106.5,different,4775226263367.0,Aquamarine,value,,"Restaurant manager, fast food",663-26-9238,Y17 2LS,,1996-08-27 08:52:29,Year interest them together.,,-30.619281,Pacific/Palau,Technology,Active,Tablet,,Firefox,52.7.5,18.0,"['Reed, Harding and Sullivan', 'Thomas, Lyons and Sanchez', 'Davis-Edwards']",['Biomedical engineer'],"[6, 3, 7, 3, 6]",91826.95,Johnston-Paul,Master,1998.0,3.49,Martin LLC,,3 times per week,9.0,Electric,2014-04-11,Walmart,63.3,Occasionally
Jessica,Gillespie,ilynch@example.net,709.950.8450x3803,"969 Rebecca Square Suite 496
Hernandezberg, MA 24387",Hernandezborough,West Virginia,95268.0,Bolivia,1967-01-17,6011494842814138.0,07/27,,GB75TWRT99630282223758,ARS,9527.01,health,2329336229083.0,ForestGreen,assume,Mitchell-Schultz,Psychotherapist,570-47-3240,XLG8460,https://krueger-mckinney.info/,2008-07-14 15:15:38,Manage represent interview us go marriage page study. Despite foot yeah baby shoulder.,22.111989,-48.157985,Indian/Mauritius,Movies,Inactive,,iOS,Safari,,52.0,"['Hale, Wright and Martin', 'Daugherty-Cline', 'Haynes-Collins']","['Museum/gallery curator', 'Theatre manager']",[7],124455.36,"Sherman, Ward and Noble",Master,2023.0,3.51,"Kennedy, King and Williams",Diabetes,7 times per week,9.0,Truck,,Target,63.63,Monthly
Brittany,,perezjennifer@example.com,+1-948-932-6696x25354,"375 George Village Apt. 071
Allenville, MN 54268",Nashland,Nevada,69767.0,Spain,,6011572831982592.0,05/28,Maestro,GB05SEYO07271412295789,XPF,,situation,7967782325093.0,DimGray,leave,,Broadcast journalist,886-72-8732,7KO X41,https://ibarra.org/,2011-10-31 23:19:09,,35.0177055,-77.723812,Australia/Darwin,Travel,Inactive,Tablet,Windows,,79.4.9,3.0,"['Church, Johnson and Johnson', 'Jefferson and Sons', 'Thomas-Kim', 'Valdez-Roberts', 'Sanchez PLC']",,"[10, 3, 9, 8, 9]",120623.74,,Bachelor,2003.0,3.59,Delgado Group,Asthma,2 times per week,9.0,,2024-05-21,Amazon,132.95,Occasionally
Sarah,Hebert,connerdonald@example.net,(682)217-6759x472,"9211 Hall Road
South Sherishire, LA 71436",New Brandonchester,North Dakota,,Denmark,2014-08-24,4118924578368.0,08/27,JCB 16 digit,GB41TFKF05218593181789,SGD,,few,5913064853954.0,LightGoldenRodYellow,several,,Conference centre manager,040-86-1587,,https://sanchez.com/,2018-11-13 09:18:31,,85.835797,14.05834,America/Tegucigalpa,Travel,Active,Desktop,Linux,Firefox,53.3.6,,"['Contreras LLC', 'Schultz, Fuller and Smith', 'Hill-David', 'Martin Group']","['Administrator, arts', 'Designer, industrial/product', 'Accountant, chartered', 'Dietitian', 'Teacher, music']","[8, 10]",74176.63,"Lozano, Davis and Saunders",PhD,2012.0,3.76,"Gibbs, Doyle and Herrera",Asthma,7 times per week,6.0,SUV,2022-04-08,Target,88.01,
